Date,Team,away_basic_MP,away_basic_FG,away_basic_FGA,away_basic_FG%,away_basic_3P,away_basic_3PA,away_basic_3P%,away_basic_FT,away_basic_FTA,away_basic_FT%,away_basic_ORB,away_basic_DRB,away_basic_TRB,away_basic_AST,away_basic_STL,away_basic_BLK,away_basic_TOV,away_basic_PF,away_basic_PTS,away_advanced_MP,away_advanced_TS%,away_advanced_eFG%,away_advanced_3PAr,away_advanced_FTr,away_advanced_ORB%,away_advanced_DRB%,away_advanced_TRB%,away_advanced_AST%,away_advanced_STL%,away_advanced_BLK%,away_advanced_TOV%,away_advanced_USG%,away_advanced_ORtg,away_advanced_DRtg
2024-10-25,Brooklyn Nets,240,35,83,0.422,14,37,0.378,17,21,0.81,8,29,37,22,7,3,19,31,101,240,0.547,0.506,0.446,0.253,19.0,85.3,48.7,62.9,7.1,6.7,17.1,100.0,103.0,118.3
2024-10-25,Philadelphia 76ers,240,29,76,0.382,9,29,0.31,40,53,0.755,10,18,28,19,11,5,16,32,107,240,0.539,0.441,0.382,0.697,21.7,50.0,34.1,65.5,10.9,9.4,13.9,100.0,106.1,114.0
2024-10-25,Charlotte Hornets,240,37,96,0.385,21,51,0.412,25,31,0.806,22,31,53,22,7,4,18,28,120,240,0.547,0.495,0.531,0.323,40.7,81.6,57.6,59.5,6.9,9.3,14.1,100.0,118.5,123.4
2024-10-25,Detroit Pistons,240,38,81,0.469,13,32,0.406,12,17,0.706,8,34,42,25,3,5,22,22,101,240,0.571,0.549,0.395,0.21,19.0,87.2,51.9,65.8,3.0,10.4,19.9,100.0,101.1,113.1
2024-10-25,Indiana Pacers,240,41,83,0.494,3,30,0.1,13,20,0.65,9,24,33,28,8,6,16,24,98,240,0.534,0.512,0.361,0.241,22.0,68.6,43.4,68.3,8.4,10.5,14.8,100.0,102.5,128.6
2024-10-25,Memphis Grizzlies,240,38,91,0.418,10,28,0.357,22,36,0.611,14,29,43,24,8,8,19,25,108,240,0.505,0.473,0.308,0.396,25.5,55.8,40.2,63.2,7.4,14.5,15.1,100.0,100.3,118.9
2024-10-25,Chicago Bulls,240,46,96,0.479,21,47,0.447,20,23,0.87,9,37,46,30,10,4,10,17,133,240,0.627,0.589,0.49,0.24,18.8,82.2,49.5,65.2,9.3,7.5,8.6,100.0,124.2,113.9
2024-10-25,Golden State Warriors,240,51,106,0.481,20,50,0.4,5,6,0.833,19,41,60,35,15,6,15,25,127,240,0.584,0.575,0.472,0.057,38.0,74.5,57.1,68.6,14.4,12.0,12.1,100.0,122.0,82.6
2024-10-25,Phoenix Suns,240,42,82,0.512,17,37,0.459,15,17,0.882,5,29,34,35,8,4,17,26,116,240,0.648,0.616,0.451,0.207,13.9,82.9,47.9,83.3,8.1,8.3,16.0,100.0,117.7,124.9
2024-10-25,New Orleans Pelicans,240,36,86,0.419,12,32,0.375,21,31,0.677,11,33,44,25,12,8,14,22,105,240,0.527,0.488,0.372,0.36,22.4,76.7,47.8,69.4,11.7,15.1,12.3,100.0,102.3,100.4
2024-10-26,Los Angeles Clippers,240,40,82,0.488,12,33,0.364,17,21,0.81,11,33,44,30,4,5,17,24,109,240,0.597,0.561,0.402,0.256,28.9,76.7,54.3,75.0,4.3,9.6,15.7,100.0,115.9,110.6
2024-10-26,Cleveland Cavaliers,240,47,88,0.534,18,39,0.462,23,34,0.676,11,37,48,27,13,10,17,27,135,240,0.656,0.636,0.443,0.386,28.2,67.3,51.1,57.4,12.4,18.9,14.2,100.0,129.0,110.8
2024-10-26,Boston Celtics,240,38,90,0.422,22,48,0.458,26,30,0.867,13,24,37,19,10,6,10,16,124,240,0.601,0.544,0.533,0.333,27.1,72.7,45.7,50.0,10.2,12.2,8.8,100.0,126.8,120.7
2024-10-26,Miami Heat,240,40,86,0.465,14,34,0.412,20,28,0.714,13,30,43,33,8,6,14,19,114,240,0.58,0.547,0.395,0.326,29.5,66.7,48.3,82.5,8.2,12.5,12.5,100.0,116.2,108.0
2024-10-26,Orlando Magic,240,37,87,0.425,17,48,0.354,20,28,0.714,12,29,41,21,10,6,19,20,111,240,0.559,0.523,0.552,0.322,25.0,82.9,49.4,56.8,9.5,11.5,16.1,100.0,105.7,118.0
2024-10-26,Toronto Raptors,240,41,90,0.456,10,29,0.345,9,13,0.692,12,34,46,29,9,4,20,22,101,240,0.528,0.511,0.322,0.144,27.3,79.1,52.9,70.7,9.1,8.7,17.3,100.0,102.3,113.4
2024-10-26,Oklahoma City Thunder,240,45,107,0.421,8,40,0.2,16,20,0.8,9,45,54,21,15,5,10,18,114,240,0.492,0.458,0.374,0.187,15.3,80.4,47.0,46.7,13.1,12.8,7.9,100.0,99.5,82.9
2024-10-26,Houston Rockets,240,38,92,0.413,13,41,0.317,17,21,0.81,8,26,34,21,10,3,11,24,106,240,0.524,0.484,0.446,0.228,17.0,72.2,41.0,55.3,10.2,5.1,9.8,100.0,107.7,110.7
2024-10-26,Dallas Mavericks,240,37,93,0.398,13,41,0.317,15,18,0.833,12,34,46,22,6,2,9,28,102,240,0.505,0.468,0.441,0.194,23.1,82.9,49.5,59.5,6.2,4.9,8.2,100.0,105.6,118.1
2024-10-26,Sacramento Kings,240,45,88,0.511,15,44,0.341,22,25,0.88,5,27,32,32,12,5,14,19,127,240,0.641,0.597,0.5,0.284,13.5,67.5,41.6,71.1,11.4,8.6,12.4,100.0,120.3,124.1
2024-10-27,Philadelphia 76ers,265,42,98,0.429,11,42,0.262,23,31,0.742,20,34,54,15,9,4,20,26,118,265,0.528,0.485,0.429,0.316,40.0,82.9,59.3,35.7,8.3,7.7,15.2,100.0,109.4,105.6
2024-10-27,New Orleans Pelicans,240,38,88,0.432,8,29,0.276,19,24,0.792,15,24,39,24,9,8,17,22,103,240,0.523,0.477,0.33,0.273,34.1,52.2,43.3,63.2,9.3,13.8,14.7,100.0,107.0,129.8
2024-10-27,Milwaukee Bucks,240,33,74,0.446,10,33,0.303,26,31,0.839,7,36,43,20,7,3,18,17,102,240,0.582,0.514,0.446,0.419,16.7,75.0,47.8,60.6,7.2,6.5,17.0,100.0,104.4,117.7
2024-10-27,Atlanta Hawks,240,36,91,0.396,10,31,0.323,22,29,0.759,17,32,49,24,7,4,20,23,104,240,0.501,0.451,0.341,0.319,33.3,74.4,52.1,66.7,6.9,8.2,16.2,100.0,102.7,126.4
2024-10-27,Los Angeles Clippers,240,42,90,0.467,10,32,0.313,18,23,0.783,14,34,48,27,11,2,18,21,112,240,0.559,0.522,0.356,0.256,29.8,70.8,50.5,64.3,10.8,4.4,15.2,100.0,109.8,101.9
2024-10-28,Indiana Pacers,240,41,88,0.466,13,29,0.448,20,30,0.667,15,29,44,25,7,4,13,28,115,240,0.568,0.54,0.33,0.341,30.0,72.5,48.9,61.0,7.1,9.5,11.4,100.0,116.1,120.1
2024-10-28,Washington Wizards,240,41,91,0.451,21,44,0.477,18,22,0.818,9,34,43,24,7,3,18,25,121,240,0.601,0.566,0.484,0.242,21.4,85.0,52.4,58.5,6.6,7.3,15.2,100.0,114.7,112.8
2024-10-28,Milwaukee Bucks,240,37,82,0.451,8,31,0.258,26,31,0.839,8,35,43,18,7,6,17,24,108,240,0.565,0.5,0.378,0.378,19.0,89.7,53.1,48.6,6.8,15.0,15.1,100.0,104.9,115.5
2024-10-28,Denver Nuggets,265,47,96,0.49,9,20,0.45,24,30,0.8,15,37,52,29,6,6,16,20,127,265,0.582,0.536,0.208,0.313,29.4,67.3,49.1,61.7,5.5,8.1,12.8,100.0,115.5,113.7
2024-10-28,Detroit Pistons,240,35,91,0.385,14,38,0.368,14,17,0.824,19,35,54,14,6,6,17,19,98,240,0.498,0.462,0.418,0.187,35.8,77.8,55.1,40.0,6.3,14.6,14.7,100.0,103.5,111.9
2024-10-28,Cleveland Cavaliers,240,39,82,0.476,12,36,0.333,20,24,0.833,9,32,41,21,10,5,14,20,110,240,0.594,0.549,0.439,0.293,23.1,71.1,48.8,53.8,10.4,8.1,13.1,100.0,114.2,107.9
2024-10-28,Houston Rockets,240,35,85,0.412,15,37,0.405,21,24,0.875,13,30,43,20,6,2,12,23,106,240,0.555,0.5,0.435,0.282,28.9,63.8,46.7,57.1,6.5,3.7,11.2,100.0,115.1,109.7
2024-10-28,Chicago Bulls,240,45,100,0.45,25,53,0.472,11,17,0.647,11,39,50,36,5,6,9,15,126,240,0.586,0.575,0.53,0.17,20.8,68.4,45.5,80.0,4.8,8.8,7.7,100.0,120.3,117.4
2024-10-28,Utah Jazz,240,34,92,0.37,10,35,0.286,24,29,0.828,15,35,50,24,7,5,15,17,102,240,0.487,0.424,0.38,0.315,28.8,72.9,50.0,70.6,7.0,8.9,12.5,100.0,101.3,109.2
2024-10-28,Portland Trail Blazers,240,35,83,0.422,4,22,0.182,24,30,0.8,12,34,46,17,5,4,18,22,98,240,0.509,0.446,0.265,0.361,27.9,79.1,53.5,48.6,5.1,8.7,15.8,100.0,100.1,113.4
2024-10-28,Los Angeles Lakers,240,39,94,0.415,14,32,0.438,13,18,0.722,11,35,46,25,5,6,12,19,105,240,0.515,0.489,0.34,0.191,22.9,79.5,50.0,64.1,5.1,11.8,10.5,100.0,107.5,111.6
2024-10-29,Denver Nuggets,265,46,89,0.517,13,27,0.481,39,47,0.83,9,34,43,31,3,4,5,22,144,265,0.656,0.59,0.303,0.528,20.9,82.9,51.2,67.4,2.9,9.1,4.4,100.0,136.9,132.1
2024-10-29,Dallas Mavericks,240,45,93,0.484,16,39,0.41,14,18,0.778,12,28,40,25,12,2,10,21,120,240,0.595,0.57,0.419,0.194,27.9,71.8,48.8,55.6,12.5,5.3,9.0,100.0,125.1,118.9
2024-10-29,Sacramento Kings,240,48,92,0.522,8,31,0.258,9,14,0.643,9,40,49,26,9,9,12,19,113,240,0.576,0.565,0.337,0.152,23.1,76.9,53.8,54.2,9.1,22.0,10.9,100.0,114.7,97.5
2024-10-29,New Orleans Pelicans,240,40,74,0.541,9,22,0.409,17,24,0.708,9,35,44,23,4,6,24,13,106,240,0.627,0.601,0.297,0.324,28.1,76.1,56.4,57.5,4.1,11.8,22.1,100.0,109.0,127.5
2024-10-30,Detroit Pistons,240,36,78,0.462,15,36,0.417,18,22,0.818,12,37,49,23,4,5,17,25,105,240,0.599,0.558,0.462,0.282,29.3,82.2,57.0,63.9,4.4,9.8,16.2,100.0,116.0,104.9
2024-10-30,Atlanta Hawks,240,45,95,0.474,12,39,0.308,18,21,0.857,12,29,41,28,10,3,17,19,120,240,0.576,0.537,0.411,0.221,27.9,82.9,52.6,62.2,9.4,5.9,14.0,100.0,112.8,125.0
2024-10-30,Boston Celtics,265,44,109,0.404,19,57,0.333,25,31,0.806,18,33,51,23,11,5,14,19,132,265,0.538,0.491,0.523,0.284,30.5,67.3,47.2,52.3,9.7,7.6,10.2,100.0,115.8,118.5
2024-10-30,Los Angeles Lakers,240,38,77,0.494,6,28,0.214,28,33,0.848,5,32,37,21,6,0,21,7,110,240,0.601,0.532,0.364,0.429,14.3,84.2,50.7,55.3,5.7,0.0,18.7,100.0,104.5,127.3
2024-10-30,Toronto Raptors,240,52,91,0.571,9,28,0.321,20,30,0.667,13,28,41,37,9,5,14,25,133,240,0.638,0.621,0.308,0.33,35.1,66.7,51.9,71.2,8.7,10.2,11.8,100.0,128.9,133.8
2024-10-30,New York Knicks,240,40,82,0.488,18,40,0.45,18,20,0.9,7,35,42,30,8,4,11,16,116,240,0.639,0.598,0.488,0.244,17.9,83.3,51.9,75.0,8.6,9.8,10.8,100.0,124.9,115.2
2024-10-30,Orlando Magic,240,35,86,0.407,11,46,0.239,18,20,0.9,6,36,42,25,9,8,12,19,99,240,0.522,0.471,0.535,0.233,11.8,80.0,43.8,71.4,9.1,16.0,11.2,100.0,99.8,102.9
2024-10-30,Brooklyn Nets,240,41,80,0.513,15,41,0.366,22,25,0.88,8,26,34,27,10,2,19,25,119,240,0.654,0.606,0.513,0.313,23.5,68.4,47.2,65.9,10.0,3.7,17.3,100.0,119.4,106.4
2024-10-30,San Antonio Spurs,240,35,85,0.412,12,36,0.333,11,13,0.846,13,39,52,22,6,6,22,8,93,240,0.513,0.482,0.424,0.153,27.7,88.6,57.1,62.9,6.1,12.5,19.5,100.0,94.1,106.2
2024-10-30,New Orleans Pelicans,240,33,90,0.367,11,36,0.306,12,20,0.6,18,31,49,24,7,6,15,17,89,240,0.45,0.428,0.4,0.222,38.3,70.5,53.8,72.7,7.7,12.2,13.2,100.0,98.2,114.7
2024-10-30,Portland Trail Blazers,240,41,92,0.446,14,33,0.424,10,12,0.833,12,35,47,19,9,6,13,18,106,240,0.545,0.522,0.359,0.13,25.0,72.9,49.0,46.3,9.3,11.1,11.8,100.0,109.8,108.7
2024-10-31,Milwaukee Bucks,240,41,96,0.427,9,42,0.214,8,19,0.421,9,29,38,20,10,4,10,27,99,240,0.474,0.474,0.438,0.198,15.5,80.6,40.4,48.8,9.6,7.4,8.7,100.0,95.3,117.4
2024-10-31,Houston Rockets,240,40,97,0.412,8,34,0.235,20,27,0.741,18,32,50,21,4,4,10,20,108,240,0.496,0.454,0.351,0.278,40.0,76.2,57.5,52.5,4.3,7.3,8.4,100.0,117.0,110.5
2024-10-31,San Antonio Spurs,240,38,92,0.413,12,43,0.279,18,23,0.783,11,31,42,25,17,7,11,17,106,240,0.519,0.478,0.467,0.25,22.4,67.4,44.2,65.8,17.2,14.0,9.7,100.0,107.4,89.2
2024-10-31,Phoenix Suns,240,42,82,0.512,18,39,0.462,23,28,0.821,8,31,39,29,12,4,12,20,125,240,0.663,0.622,0.476,0.341,19.5,67.4,44.8,69.0,12.3,6.9,11.3,100.0,127.9,121.7
2024-11-01,Boston Celtics,240,41,86,0.477,13,42,0.31,29,35,0.829,11,30,41,21,12,5,10,13,124,240,0.611,0.552,0.488,0.407,26.8,71.4,49.4,51.2,12.4,11.6,9.0,100.0,127.9,112.4
2024-11-01,Orlando Magic,240,41,90,0.456,11,33,0.333,16,24,0.667,7,32,39,26,10,4,14,17,109,240,0.542,0.517,0.367,0.267,14.3,82.1,44.3,63.4,9.7,8.2,12.2,100.0,105.9,116.6
2024-11-01,New York Knicks,240,52,101,0.515,18,38,0.474,6,10,0.6,12,33,45,31,16,3,10,14,128,240,0.607,0.604,0.376,0.099,27.3,84.6,54.2,59.6,16.0,6.4,8.7,100.0,128.1,98.0
2024-11-01,Sacramento Kings,240,43,89,0.483,11,33,0.333,26,30,0.867,10,41,51,28,9,4,14,21,123,240,0.602,0.545,0.371,0.337,23.8,83.7,56.0,65.1,8.7,9.5,12.0,100.0,119.1,111.3
2024-11-01,Chicago Bulls,240,38,88,0.432,17,44,0.386,19,24,0.792,10,34,44,24,5,3,16,15,112,240,0.568,0.528,0.5,0.273,21.3,79.1,48.9,63.2,4.9,5.2,14.0,100.0,110.7,118.6
2024-11-01,Los Angeles Lakers,240,42,88,0.477,11,32,0.344,36,41,0.878,9,34,43,29,6,5,10,17,131,240,0.618,0.54,0.364,0.466,23.7,69.4,49.4,69.0,5.8,6.9,8.6,100.0,126.0,120.2
2024-11-01,Indiana Pacers,240,46,89,0.517,16,38,0.421,10,13,0.769,6,33,39,35,3,3,14,21,118,240,0.623,0.607,0.427,0.146,16.2,68.8,45.9,76.1,3.0,4.3,12.9,100.0,118.0,125.0
2024-11-01,Denver Nuggets,240,41,92,0.446,11,32,0.344,23,29,0.793,17,29,46,30,11,2,15,18,116,240,0.554,0.505,0.348,0.315,36.2,78.4,54.8,73.2,11.2,4.9,12.5,100.0,117.9,120.9
2024-11-01,Oklahoma City Thunder,240,51,95,0.537,19,49,0.388,16,19,0.842,14,31,45,31,14,9,13,29,137,240,0.663,0.637,0.516,0.2,35.9,73.8,55.6,60.8,13.9,18.8,11.2,100.0,136.5,113.6
2024-11-02,Boston Celtics,240,36,82,0.439,16,52,0.308,25,28,0.893,8,36,44,23,4,4,15,17,113,240,0.599,0.537,0.634,0.341,22.9,83.7,56.4,63.9,4.1,8.2,13.7,100.0,115.5,105.3
2024-11-02,Memphis Grizzlies,240,48,87,0.552,12,27,0.444,16,21,0.762,11,41,52,35,9,6,17,22,124,240,0.644,0.621,0.31,0.241,30.6,83.7,61.2,72.9,8.9,14.0,15.0,100.0,123.1,106.3
2024-11-02,Sacramento Kings,265,46,100,0.46,10,40,0.25,26,32,0.813,15,34,49,21,16,3,18,22,128,265,0.561,0.51,0.4,0.32,30.6,73.9,51.6,45.7,14.2,5.2,13.6,100.0,113.4,116.0
2024-11-02,Golden State Warriors,265,40,78,0.513,15,32,0.469,32,50,0.64,9,38,47,26,5,4,14,22,127,265,0.635,0.609,0.41,0.641,22.5,67.9,49.0,65.0,4.8,6.5,12.3,100.0,121.7,115.9
2024-11-02,Cleveland Cavaliers,240,44,91,0.484,15,38,0.395,11,15,0.733,10,35,45,31,3,2,7,20,114,240,0.584,0.566,0.418,0.165,22.2,77.8,50.0,70.5,3.2,4.0,6.7,100.0,120.1,119.0
2024-11-02,Minnesota Timberwolves,240,39,82,0.476,11,37,0.297,14,20,0.7,6,26,32,21,7,2,13,16,103,240,0.567,0.543,0.451,0.244,14.0,78.8,42.1,53.8,7.4,4.9,12.5,100.0,108.2,118.8
2024-11-02,Miami Heat,240,43,102,0.422,15,37,0.405,17,24,0.708,21,44,65,19,6,3,14,18,118,240,0.524,0.495,0.363,0.235,36.8,84.6,59.6,44.2,5.9,5.4,11.1,100.0,115.1,95.6
2024-11-02,Utah Jazz,240,32,77,0.416,13,42,0.31,26,31,0.839,8,31,39,24,7,8,24,22,103,240,0.568,0.5,0.545,0.403,19.5,62.0,42.9,75.0,6.7,11.9,20.9,100.0,98.3,123.2
2024-11-02,Portland Trail Blazers,240,37,111,0.333,14,43,0.326,9,11,0.818,14,42,56,17,10,5,6,18,97,240,0.419,0.396,0.387,0.099,21.9,76.4,47.1,45.9,9.7,12.2,4.9,100.0,94.5,100.4
2024-11-02,Oklahoma City Thunder,240,36,84,0.429,16,39,0.41,17,19,0.895,3,38,41,25,11,3,12,22,105,240,0.568,0.524,0.464,0.226,7.0,79.2,45.1,69.4,10.9,6.8,11.5,100.0,104.5,91.6
2024-11-03,Detroit Pistons,240,37,77,0.481,11,36,0.306,21,26,0.808,9,38,47,25,4,6,21,25,106,240,0.599,0.552,0.468,0.338,28.1,90.5,63.5,67.6,4.2,15.0,19.2,100.0,111.7,97.0
2024-11-03,Atlanta Hawks,240,50,88,0.568,15,36,0.417,11,12,0.917,10,31,41,29,10,3,16,17,126,240,0.675,0.653,0.409,0.136,28.6,63.3,48.8,58.0,10.4,5.8,14.6,100.0,130.5,114.9
2024-11-03,Orlando Magic,240,31,93,0.333,8,41,0.195,15,19,0.789,13,30,43,19,8,4,15,22,85,240,0.419,0.376,0.441,0.204,24.1,71.4,44.8,61.3,8.0,7.5,12.9,100.0,85.1,108.2
2024-11-04,Milwaukee Bucks,240,42,86,0.488,17,35,0.486,13,15,0.867,7,42,49,21,6,6,15,15,114,240,0.616,0.587,0.407,0.174,17.1,89.4,55.7,50.0,6.0,11.1,13.9,100.0,114.0,116.0
2024-11-04,Golden State Warriors,240,44,97,0.454,12,37,0.324,25,34,0.735,16,40,56,29,5,7,7,20,125,240,0.558,0.515,0.381,0.351,29.1,83.3,54.4,65.9,4.9,13.2,5.9,100.0,121.4,108.8
2024-11-04,Los Angeles Lakers,240,37,85,0.435,9,25,0.36,20,27,0.741,7,30,37,28,8,1,13,16,103,240,0.532,0.488,0.294,0.318,15.6,63.8,40.2,75.7,8.1,1.6,11.8,100.0,104.1,116.2
2024-11-04,Boston Celtics,240,48,99,0.485,18,55,0.327,9,13,0.692,11,39,50,27,15,7,13,14,123,240,0.587,0.576,0.556,0.131,23.9,83.0,53.8,56.3,14.3,12.1,11.0,100.0,117.1,88.5
2024-11-04,Memphis Grizzlies,240,43,91,0.473,8,30,0.267,10,13,0.769,13,31,44,29,5,8,15,16,104,240,0.538,0.516,0.33,0.143,34.2,72.1,54.3,67.4,5.4,16.7,13.4,100.0,112.0,114.2
2024-11-04,Sacramento Kings,240,44,86,0.512,10,27,0.37,13,15,0.867,11,28,39,23,5,4,14,28,111,240,0.599,0.57,0.314,0.174,28.2,77.8,52.0,52.3,5.3,8.2,13.1,100.0,116.9,115.8
2024-11-04,Utah Jazz,240,48,89,0.539,16,36,0.444,23,30,0.767,12,37,49,35,3,6,13,18,135,240,0.66,0.629,0.404,0.337,31.6,78.7,57.6,72.9,3.0,10.3,11.3,100.0,133.2,124.3
2024-11-04,New York Knicks,240,34,88,0.386,11,28,0.393,18,21,0.857,13,26,39,20,6,4,10,18,97,240,0.499,0.449,0.318,0.239,25.0,70.3,43.8,58.8,6.5,7.3,9.3,100.0,105.5,118.6
2024-11-04,Charlotte Hornets,240,35,88,0.398,10,42,0.238,13,16,0.813,9,29,38,19,10,1,14,22,93,240,0.489,0.455,0.477,0.182,20.0,76.3,45.8,54.3,10.5,2.4,12.8,100.0,97.2,119.2
2024-11-04,Orlando Magic,240,29,82,0.354,5,34,0.147,23,27,0.852,7,34,41,20,12,5,19,16,86,240,0.458,0.384,0.415,0.329,15.9,87.2,49.4,69.0,11.7,9.3,16.8,100.0,84.0,99.6
2024-11-04,Portland Trail Blazers,240,46,84,0.548,10,29,0.345,16,24,0.667,11,27,38,21,10,5,12,15,118,240,0.624,0.607,0.345,0.286,31.4,73.0,52.8,45.7,10.8,10.2,11.3,100.0,126.9,107.6
2024-11-04,Indiana Pacers,240,54,95,0.568,13,32,0.406,13,20,0.65,7,39,46,30,5,3,10,16,134,240,0.645,0.637,0.337,0.211,17.5,88.6,54.8,55.6,4.8,5.7,8.8,100.0,128.8,122.1
2024-11-04,Toronto Raptors,240,47,103,0.456,13,39,0.333,12,18,0.667,14,27,41,38,12,3,14,27,119,240,0.536,0.519,0.379,0.175,31.8,65.9,48.2,80.9,11.7,5.8,11.2,100.0,116.1,118.1
2024-11-04,Philadelphia 76ers,240,40,87,0.46,20,51,0.392,16,18,0.889,9,29,38,27,10,4,15,22,116,240,0.611,0.575,0.586,0.207,20.9,76.3,46.9,67.5,10.3,8.0,13.6,100.0,119.0,121.1
2024-11-04,San Antonio Spurs,240,38,86,0.442,11,41,0.268,17,19,0.895,12,33,45,22,9,10,14,16,104,240,0.551,0.506,0.477,0.221,30.0,67.3,50.6,57.9,9.8,18.9,12.9,100.0,113.7,123.6
2024-11-06,Detroit Pistons,240,46,94,0.489,10,32,0.313,5,9,0.556,6,40,46,34,5,4,11,20,107,240,0.546,0.543,0.34,0.096,13.3,83.3,49.5,73.9,5.0,8.7,10.1,100.0,106.4,107.4
2024-11-06,Orlando Magic,240,42,82,0.512,7,25,0.28,20,26,0.769,10,28,38,26,6,5,16,22,111,240,0.594,0.555,0.305,0.317,23.8,87.5,51.4,61.9,6.3,10.0,14.6,100.0,116.3,123.6
2024-11-06,New York Knicks,240,41,84,0.488,22,47,0.468,12,15,0.8,7,34,41,29,5,5,16,18,116,240,0.64,0.619,0.56,0.179,17.9,68.0,46.1,70.7,5.1,8.1,15.0,100.0,118.5,123.7
2024-11-06,Golden State Warriors,240,42,91,0.462,14,34,0.412,20,24,0.833,15,38,53,22,6,5,11,19,118,240,0.581,0.538,0.374,0.264,30.6,74.5,53.0,52.4,6.3,13.9,9.8,100.0,123.1,116.8
2024-11-06,San Antonio Spurs,240,37,83,0.446,14,36,0.389,12,16,0.75,8,33,41,20,6,6,20,13,100,240,0.555,0.53,0.434,0.193,19.0,75.0,47.7,54.1,5.9,8.7,18.2,100.0,98.6,125.3
2024-11-06,Los Angeles Lakers,240,41,93,0.441,15,48,0.313,17,21,0.81,9,28,37,23,10,1,11,18,114,240,0.558,0.522,0.516,0.226,19.1,70.0,42.5,56.1,9.6,1.7,9.7,100.0,109.9,126.3
2024-11-06,Cleveland Cavaliers,240,52,96,0.542,17,35,0.486,10,13,0.769,12,34,46,33,6,10,13,21,131,240,0.644,0.63,0.365,0.135,32.4,81.0,58.2,63.5,6.0,16.4,11.3,100.0,131.8,122.8
2024-11-06,Chicago Bulls,240,36,86,0.419,12,42,0.286,15,23,0.652,14,37,51,25,8,2,23,17,99,240,0.515,0.488,0.488,0.267,26.9,80.4,52.0,69.4,7.6,3.6,19.3,100.0,94.2,113.3
2024-11-06,Oklahoma City Thunder,240,44,100,0.44,16,40,0.4,18,23,0.783,13,34,47,29,15,6,14,28,122,240,0.554,0.52,0.4,0.23,23.6,72.3,46.1,65.9,13.9,11.8,11.3,100.0,113.3,115.2
2024-11-06,Miami Heat,240,40,92,0.435,13,34,0.382,19,20,0.95,13,30,43,27,12,3,10,16,112,240,0.556,0.505,0.37,0.217,26.5,75.0,48.3,67.5,12.6,7.3,9.0,100.0,117.2,120.3
2024-11-06,Philadelphia 76ers,240,40,73,0.548,7,25,0.28,11,19,0.579,10,22,32,19,10,2,20,22,98,240,0.602,0.596,0.342,0.26,32.3,73.3,52.5,47.5,11.2,4.5,19.7,100.0,109.5,122.9
2024-11-06,Toronto Raptors,240,43,88,0.489,10,34,0.294,11,15,0.733,8,26,34,25,7,1,12,23,107,240,0.566,0.545,0.386,0.17,20.0,63.4,42.0,58.1,7.4,1.8,11.3,100.0,112.4,128.2
2024-11-07,Minnesota Timberwolves,240,51,93,0.548,16,38,0.421,17,17,1.0,10,30,40,29,7,4,14,17,135,240,0.672,0.634,0.409,0.183,31.3,75.0,55.6,56.9,7.2,7.7,12.2,100.0,137.9,121.6
2024-11-07,Utah Jazz,240,33,77,0.429,17,41,0.415,17,18,0.944,8,31,39,24,5,5,22,19,100,240,0.589,0.539,0.532,0.234,21.1,73.8,48.8,72.7,5.2,10.2,20.6,100.0,104.3,128.3
2024-11-07,Portland Trail Blazers,240,41,86,0.477,9,32,0.281,14,22,0.636,14,27,41,23,7,3,14,14,105,240,0.549,0.529,0.372,0.256,29.8,69.2,47.7,56.1,7.5,7.0,12.8,100.0,112.2,126.1
2024-11-08,Indiana Pacers,240,33,83,0.398,9,29,0.31,8,14,0.571,7,30,37,24,10,4,14,16,83,240,0.465,0.452,0.349,0.169,14.0,69.8,39.8,72.7,10.6,10.0,13.6,100.0,88.3,109.5
2024-11-08,Atlanta Hawks,240,44,97,0.454,15,36,0.417,18,23,0.783,15,29,44,30,12,7,18,21,121,240,0.565,0.531,0.371,0.237,30.6,72.5,49.4,68.2,11.2,13.2,14.4,100.0,113.1,114.1
2024-11-08,New Orleans Pelicans,240,32,84,0.381,10,31,0.323,14,17,0.824,6,25,31,18,10,1,16,19,88,240,0.481,0.44,0.369,0.202,15.8,69.4,41.9,56.3,10.3,1.9,14.9,100.0,90.7,118.6
2024-11-08,Brooklyn Nets,265,41,100,0.41,10,38,0.263,12,15,0.8,12,39,51,24,6,3,13,22,104,265,0.488,0.46,0.38,0.15,25.5,90.7,56.7,58.5,5.8,8.1,10.9,100.0,99.8,103.6
2024-11-08,Golden State Warriors,240,47,98,0.48,13,42,0.31,10,14,0.714,11,29,40,32,14,4,17,24,117,240,0.562,0.546,0.429,0.143,24.4,76.3,48.2,68.1,13.1,9.3,14.0,100.0,109.6,127.4
2024-11-08,Phoenix Suns,240,43,86,0.5,15,39,0.385,13,18,0.722,11,26,37,26,6,2,9,18,114,240,0.607,0.587,0.453,0.209,26.2,76.5,48.7,60.5,6.7,4.3,8.7,100.0,126.6,125.5
2024-11-08,Milwaukee Bucks,240,36,83,0.434,7,30,0.233,15,23,0.652,11,30,41,20,1,5,12,16,94,240,0.505,0.476,0.361,0.277,24.4,68.2,46.1,55.6,1.1,11.1,11.4,100.0,101.5,125.3
2024-11-08,Washington Wizards,240,38,93,0.409,9,35,0.257,19,23,0.826,11,30,41,27,14,8,18,27,104,240,0.504,0.457,0.376,0.247,22.9,69.8,45.1,71.1,13.0,14.8,14.9,100.0,96.2,118.4
2024-11-08,Houston Rockets,240,39,90,0.433,11,30,0.367,18,26,0.692,14,34,48,19,7,3,17,18,107,240,0.527,0.494,0.333,0.289,29.2,82.9,53.9,48.7,6.9,5.7,14.4,100.0,105.1,123.7
2024-11-08,Miami Heat,240,46,94,0.489,20,43,0.465,10,13,0.769,9,24,33,33,11,1,14,19,122,240,0.612,0.596,0.457,0.138,21.4,80.0,45.8,71.7,10.9,2.2,12.3,100.0,120.7,133.6
2024-11-08,Portland Trail Blazers,240,39,91,0.429,6,25,0.24,18,24,0.75,12,25,37,13,11,7,17,17,102,240,0.502,0.462,0.275,0.264,23.5,71.4,43.0,33.3,10.4,14.9,14.3,100.0,96.3,119.9
2024-11-08,Philadelphia 76ers,240,39,96,0.406,13,39,0.333,15,23,0.652,13,31,44,28,6,4,8,14,106,240,0.499,0.474,0.406,0.24,24.5,86.1,49.4,71.8,6.1,8.0,7.0,100.0,108.3,118.5
2024-11-08,Los Angeles Clippers,240,36,81,0.444,14,30,0.467,21,23,0.913,12,36,48,20,7,2,21,21,107,240,0.587,0.531,0.37,0.284,28.6,87.8,57.8,55.6,7.2,3.8,18.7,100.0,110.5,101.2
2024-11-09,Utah Jazz,240,38,82,0.463,10,33,0.303,25,35,0.714,9,36,45,23,13,4,18,20,111,240,0.57,0.524,0.402,0.427,22.5,85.7,54.9,60.5,12.5,10.5,15.6,100.0,106.3,105.4
2024-11-09,Chicago Bulls,240,46,92,0.5,13,39,0.333,20,23,0.87,13,34,47,30,12,6,18,18,125,240,0.612,0.571,0.424,0.25,31.0,77.3,54.7,65.2,11.6,10.0,15.0,100.0,120.6,109.0
2024-11-09,Brooklyn Nets,240,34,76,0.447,15,43,0.349,17,18,0.944,10,26,36,21,4,2,20,14,100,240,0.596,0.546,0.566,0.237,25.6,86.7,52.2,61.8,4.3,4.3,19.2,100.0,108.4,113.9
2024-11-09,Toronto Raptors,240,40,95,0.421,11,37,0.297,12,21,0.571,12,32,44,26,8,5,10,23,103,240,0.494,0.479,0.389,0.221,23.1,82.1,48.4,65.0,8.2,10.0,8.8,100.0,105.8,107.8
2024-11-10,Houston Rockets,240,38,93,0.409,7,34,0.206,18,24,0.75,17,36,53,19,10,5,12,21,101,240,0.488,0.446,0.366,0.258,32.7,76.6,53.5,50.0,10.3,10.0,10.4,100.0,103.8,101.8
2024-11-10,Boston Celtics,240,35,86,0.407,19,50,0.38,24,27,0.889,8,34,42,27,5,2,12,16,113,240,0.577,0.517,0.581,0.314,18.2,87.2,50.6,77.1,5.1,4.1,10.9,100.0,115.6,109.5
2024-11-10,New York Knicks,240,46,83,0.554,7,25,0.28,22,27,0.815,8,31,39,23,5,3,14,20,121,240,0.638,0.596,0.301,0.325,22.9,86.1,54.9,50.0,5.0,7.1,12.9,100.0,120.8,131.8
2024-11-10,Washington Wizards,240,33,72,0.458,10,33,0.303,18,25,0.72,7,30,37,20,4,7,17,25,94,240,0.566,0.528,0.458,0.347,19.4,66.7,45.7,60.6,4.3,16.3,17.0,100.0,101.0,130.1
2024-11-10,Miami Heat,240,34,77,0.442,11,31,0.355,16,22,0.727,6,37,43,18,14,9,23,20,95,240,0.548,0.513,0.403,0.286,16.2,69.8,47.8,52.9,14.2,20.9,21.0,100.0,96.2,95.2
2024-11-10,Golden State Warriors,240,45,89,0.506,21,43,0.488,16,23,0.696,13,33,46,35,8,3,15,26,127,240,0.641,0.624,0.483,0.258,32.5,70.2,52.9,77.8,8.1,4.9,13.1,100.0,129.1,117.9
2024-11-10,Charlotte Hornets,265,36,95,0.379,14,54,0.259,19,22,0.864,12,38,50,22,10,5,21,22,105,265,0.502,0.453,0.568,0.232,27.3,82.6,55.6,61.1,9.5,9.8,16.7,100.0,99.7,101.6
2024-11-10,Dallas Mavericks,240,48,90,0.533,10,33,0.303,14,19,0.737,10,32,42,29,7,5,10,17,120,240,0.61,0.589,0.367,0.211,23.8,71.1,48.3,60.4,7.3,8.3,9.2,100.0,124.5,126.6
2024-11-10,Sacramento Kings,265,50,102,0.49,11,37,0.297,16,19,0.842,8,49,57,23,7,3,15,20,127,265,0.575,0.544,0.363,0.186,16.7,86.0,54.3,46.0,6.1,6.3,12.0,100.0,110.8,103.0
2024-11-10,Memphis Grizzlies,240,47,85,0.553,16,43,0.372,24,28,0.857,10,41,51,32,15,13,23,17,134,240,0.688,0.647,0.506,0.329,27.0,71.9,54.3,68.1,13.6,22.4,19.1,100.0,121.4,80.6
2024-11-10,Toronto Raptors,240,37,82,0.451,10,29,0.345,19,22,0.864,12,28,40,26,2,2,18,23,103,240,0.562,0.512,0.354,0.268,34.3,73.7,54.8,70.3,2.2,4.1,16.4,100.0,112.8,134.7
2024-11-11,Cleveland Cavaliers,240,43,97,0.443,15,45,0.333,18,24,0.75,12,31,43,26,14,3,9,13,119,240,0.553,0.521,0.464,0.247,21.8,79.5,45.7,60.5,13.5,6.1,7.7,100.0,114.6,108.8
2024-11-11,Washington Wizards,240,36,88,0.409,11,31,0.355,9,13,0.692,8,26,34,21,14,5,19,17,92,240,0.491,0.472,0.352,0.148,16.3,60.5,37.0,58.3,13.9,7.8,16.9,100.0,91.4,106.3
2024-11-11,Brooklyn Nets,240,36,84,0.429,19,42,0.452,16,19,0.842,14,32,46,24,4,5,17,14,107,240,0.579,0.542,0.5,0.226,31.1,69.6,50.5,66.7,4.3,7.8,15.5,100.0,115.4,113.2
2024-11-11,Los Angeles Clippers,240,44,80,0.55,20,37,0.541,20,29,0.69,15,32,47,31,5,5,24,22,128,240,0.69,0.675,0.463,0.363,42.9,78.0,61.8,70.5,5.0,11.1,20.6,100.0,128.0,134.0
2024-11-11,Sacramento Kings,240,39,91,0.429,10,38,0.263,8,9,0.889,9,28,37,18,11,4,11,14,96,240,0.505,0.484,0.418,0.099,20.0,77.8,45.7,46.2,11.5,10.3,10.4,100.0,100.7,121.7
2024-11-12,Atlanta Hawks,240,50,99,0.505,10,32,0.313,7,13,0.538,19,25,44,35,16,2,16,17,117,240,0.559,0.556,0.323,0.131,40.4,80.6,56.4,70.0,16.2,6.7,13.3,100.0,118.7,117.7
2024-11-12,Miami Heat,265,47,101,0.465,17,45,0.378,10,13,0.769,12,31,43,25,14,3,12,22,121,265,0.567,0.55,0.446,0.129,22.6,67.4,43.4,53.2,13.3,5.4,10.1,100.0,115.1,117.0
2024-11-12,Charlotte Hornets,240,34,84,0.405,13,38,0.342,8,14,0.571,8,40,48,22,7,3,22,18,89,240,0.494,0.482,0.452,0.167,18.6,83.3,52.7,64.7,6.9,6.1,19.6,100.0,87.1,111.6
2024-11-12,New York Knicks,240,44,89,0.494,9,31,0.29,14,15,0.933,8,39,47,31,8,5,15,15,111,240,0.581,0.545,0.348,0.169,20.5,81.3,54.0,70.5,8.1,12.2,13.6,100.0,112.5,100.4
2024-11-12,Toronto Raptors,240,30,86,0.349,9,25,0.36,16,20,0.8,17,37,54,20,11,6,22,11,85,240,0.448,0.401,0.291,0.233,32.7,75.5,53.5,66.7,11.1,15.8,18.8,100.0,86.1,100.2
2024-11-12,Phoenix Suns,240,43,86,0.5,18,39,0.462,16,22,0.727,10,32,42,21,6,11,10,11,120,240,0.627,0.605,0.453,0.256,27.0,72.7,51.9,48.8,6.4,20.4,9.5,100.0,128.2,119.6
2024-11-12,Dallas Mavericks,240,44,84,0.524,11,34,0.324,18,24,0.75,8,32,40,26,6,1,18,23,117,240,0.619,0.589,0.405,0.286,20.0,64.0,44.4,59.1,5.9,1.9,16.0,100.0,115.9,118.8
2024-11-12,Minnesota Timberwolves,240,37,73,0.507,13,35,0.371,21,23,0.913,4,28,32,22,13,4,23,22,108,240,0.65,0.596,0.479,0.315,12.5,71.8,45.1,59.5,13.0,7.7,21.7,100.0,108.0,122.0
2024-11-13,Indiana Pacers,240,32,84,0.381,10,30,0.333,16,18,0.889,7,34,41,22,10,6,17,19,90,240,0.49,0.44,0.357,0.214,15.9,72.3,45.1,68.8,10.4,13.0,15.6,100.0,94.0,98.1
2024-11-13,Boston Celtics,240,50,93,0.538,22,46,0.478,17,24,0.708,12,33,45,35,7,6,8,17,139,240,0.671,0.656,0.495,0.258,27.9,91.7,57.0,70.0,7.2,16.7,7.2,100.0,143.7,117.8
2024-11-13,Chicago Bulls,240,44,82,0.537,14,36,0.389,22,27,0.815,7,33,40,31,10,6,18,17,124,240,0.66,0.622,0.439,0.329,18.9,76.7,50.0,70.5,9.6,10.5,16.1,100.0,119.3,118.3
2024-11-13,New Orleans Pelicans,240,34,86,0.395,9,37,0.243,11,17,0.647,21,37,58,21,3,4,24,15,88,240,0.471,0.448,0.43,0.198,44.7,88.1,65.2,61.8,3.2,8.2,20.4,100.0,94.1,113.3
2024-11-13,Cleveland Cavaliers,240,42,85,0.494,16,40,0.4,14,17,0.824,9,37,46,25,8,1,11,14,114,240,0.616,0.588,0.471,0.2,21.4,75.5,50.5,59.5,8.5,2.0,10.6,100.0,121.3,112.8
2024-11-13,Los Angeles Clippers,240,38,96,0.396,14,38,0.368,13,16,0.813,10,32,42,27,10,3,12,16,103,240,0.5,0.469,0.396,0.167,19.6,64.0,41.6,71.1,10.1,5.3,10.4,100.0,103.6,111.6
2024-11-13,Detroit Pistons,265,46,100,0.46,18,38,0.474,10,13,0.769,11,34,45,29,6,7,15,21,120,265,0.568,0.55,0.38,0.13,22.4,79.1,48.9,63.0,5.6,11.7,12.4,100.0,112.7,119.2
2024-11-13,Washington Wizards,240,49,95,0.516,18,44,0.409,14,16,0.875,11,30,41,27,5,5,18,23,130,240,0.637,0.611,0.463,0.168,26.2,78.9,51.3,55.1,4.8,10.4,15.0,100.0,123.6,132.1
2024-11-13,Memphis Grizzlies,240,42,89,0.472,12,33,0.364,27,33,0.818,12,29,41,28,11,6,14,25,123,240,0.594,0.539,0.371,0.371,25.5,80.6,49.4,66.7,10.5,13.6,11.9,100.0,116.9,121.7
2024-11-13,Minnesota Timberwolves,240,37,94,0.394,7,39,0.179,17,22,0.773,13,28,41,16,12,3,14,19,98,240,0.473,0.431,0.415,0.234,26.5,71.8,46.6,43.2,12.0,5.2,11.9,100.0,98.4,106.4
2024-11-13,Phoenix Suns,240,36,97,0.371,13,43,0.302,19,26,0.731,19,21,40,23,12,2,10,12,104,240,0.48,0.438,0.443,0.268,32.8,77.8,47.1,63.9,12.6,4.0,8.4,100.0,108.8,132.9
2024-11-14,Dallas Mavericks,240,43,85,0.506,12,39,0.308,15,20,0.75,11,19,30,25,11,10,17,18,113,240,0.602,0.576,0.459,0.235,31.4,54.3,42.9,58.1,11.7,19.6,15.3,100.0,119.7,121.9
2024-11-15,Miami Heat,240,45,87,0.517,15,42,0.357,19,23,0.826,4,32,36,27,16,1,10,12,124,240,0.638,0.603,0.483,0.264,11.4,80.0,48.0,60.0,15.8,2.0,9.3,100.0,122.5,109.6
2024-11-15,Philadelphia 76ers,240,29,72,0.403,10,31,0.323,18,21,0.857,6,28,34,19,10,3,18,23,86,240,0.529,0.472,0.431,0.292,15.8,71.8,44.2,65.5,10.9,7.3,18.1,100.0,94.2,107.3
2024-11-15,Detroit Pistons,240,39,95,0.411,8,38,0.211,13,20,0.65,14,42,56,24,8,8,14,16,99,240,0.477,0.453,0.4,0.211,28.0,71.2,51.4,61.5,7.9,12.1,11.9,100.0,98.1,94.1
2024-11-15,Washington Wizards,240,43,106,0.406,15,43,0.349,16,21,0.762,13,39,52,28,11,5,16,23,117,240,0.508,0.476,0.406,0.198,24.5,72.2,48.6,65.1,9.8,8.2,12.2,100.0,104.3,115.0
2024-11-15,Chicago Bulls,240,45,88,0.511,20,42,0.476,16,20,0.8,3,33,36,32,7,4,17,20,126,240,0.651,0.625,0.477,0.227,7.7,89.2,47.4,71.1,6.4,8.0,14.9,100.0,114.4,130.8
2024-11-15,Brooklyn Nets,240,39,89,0.438,19,46,0.413,25,28,0.893,10,27,37,27,8,2,9,22,122,240,0.602,0.545,0.517,0.315,21.3,77.1,45.1,69.2,8.2,4.4,8.2,100.0,124.8,126.9
2024-11-15,Los Angeles Lakers,240,44,88,0.5,14,31,0.452,18,23,0.783,10,31,41,27,10,3,12,11,120,240,0.611,0.58,0.352,0.261,25.6,73.8,50.6,61.4,10.4,7.0,10.9,100.0,125.1,119.8
2024-11-15,Los Angeles Clippers,240,34,90,0.378,10,40,0.25,26,33,0.788,13,38,51,12,6,6,15,15,104,240,0.498,0.433,0.444,0.367,25.0,80.9,51.5,35.3,5.8,11.8,12.6,100.0,100.3,120.6
2024-11-15,Denver Nuggets,240,37,87,0.425,10,37,0.27,10,11,0.909,5,33,38,26,10,1,8,16,94,240,0.512,0.483,0.425,0.126,11.4,66.0,40.4,70.3,10.9,1.9,8.0,100.0,102.0,109.6
2024-11-15,Phoenix Suns,240,22,75,0.293,9,37,0.243,30,40,0.75,11,39,50,17,6,4,17,20,83,240,0.448,0.353,0.493,0.533,21.6,75.0,48.5,77.3,6.3,7.8,15.5,100.0,87.3,104.1
2024-11-15,Memphis Grizzlies,240,42,103,0.408,7,42,0.167,27,33,0.818,18,36,54,22,8,11,15,21,118,240,0.502,0.442,0.408,0.32,30.0,72.0,49.1,52.4,7.2,21.2,11.3,100.0,106.2,110.7
2024-11-15,Minnesota Timberwolves,265,48,101,0.475,20,49,0.408,14,16,0.875,10,31,41,26,9,4,11,19,130,265,0.602,0.574,0.485,0.158,20.0,73.8,44.6,54.2,8.5,6.8,9.2,100.0,123.5,119.7
2024-11-16,Milwaukee Bucks,240,47,92,0.511,15,36,0.417,5,11,0.455,8,32,40,31,6,6,9,18,114,240,0.589,0.592,0.391,0.12,17.8,66.7,43.0,66.0,6.3,11.8,8.5,100.0,120.2,121.2
2024-11-16,Toronto Raptors,265,50,98,0.51,9,23,0.391,14,21,0.667,15,31,46,35,3,2,9,19,123,265,0.573,0.556,0.235,0.214,34.9,68.9,52.3,70.0,3.1,5.3,7.7,100.0,126.3,129.4
2024-11-16,Los Angeles Lakers,240,39,89,0.438,12,40,0.3,14,18,0.778,17,26,43,24,10,3,11,14,104,240,0.537,0.506,0.449,0.202,34.7,59.1,46.2,61.5,11.3,5.6,10.2,100.0,117.6,112.0
2024-11-16,San Antonio Spurs,240,28,88,0.318,11,40,0.275,26,30,0.867,13,32,45,21,10,9,12,17,93,240,0.459,0.381,0.455,0.341,24.5,71.1,45.9,75.0,10.2,14.3,10.6,100.0,94.4,111.7
2024-11-16,Utah Jazz,240,37,75,0.493,12,26,0.462,31,42,0.738,11,22,33,16,11,3,16,20,117,240,0.626,0.573,0.347,0.56,29.7,71.0,48.5,43.2,11.6,7.1,14.6,100.0,123.2,127.4
2024-11-17,Phoenix Suns,240,46,85,0.541,14,31,0.452,11,15,0.733,12,29,41,29,9,2,21,26,117,240,0.639,0.624,0.365,0.176,34.3,76.3,56.2,63.0,9.4,4.9,18.7,100.0,121.6,124.7
2024-11-17,Miami Heat,240,36,90,0.4,19,43,0.442,19,20,0.95,15,23,38,21,4,1,11,13,110,240,0.557,0.506,0.478,0.222,30.0,69.7,45.8,58.3,4.4,1.8,10.0,100.0,120.6,130.5
2024-11-17,Charlotte Hornets,240,42,103,0.408,20,52,0.385,10,12,0.833,17,23,40,34,12,6,10,23,114,240,0.526,0.505,0.505,0.117,30.4,71.9,45.5,81.0,12.2,12.8,8.5,100.0,116.2,130.4
2024-11-17,Denver Nuggets,240,35,84,0.417,10,31,0.323,10,14,0.714,6,33,39,23,9,5,15,12,90,240,0.499,0.476,0.369,0.167,14.6,76.7,46.4,65.7,9.3,9.6,14.3,100.0,93.1,108.6
2024-11-17,Atlanta Hawks,240,39,85,0.459,11,32,0.344,21,25,0.84,16,31,47,30,10,7,27,19,110,240,0.573,0.524,0.376,0.294,42.1,63.3,54.0,76.9,9.8,12.3,22.0,100.0,107.9,111.9
2024-11-17,Detroit Pistons,240,46,97,0.474,17,38,0.447,15,19,0.789,13,38,51,27,11,4,9,19,124,240,0.588,0.562,0.392,0.196,27.7,88.4,56.7,58.7,10.9,7.1,7.9,100.0,123.4,103.5
2024-11-17,Houston Rockets,240,55,105,0.524,10,34,0.294,23,32,0.719,14,52,66,34,8,9,11,18,143,240,0.6,0.571,0.324,0.305,29.2,80.0,58.4,61.8,7.0,17.6,8.5,100.0,125.0,93.5
2024-11-17,Brooklyn Nets,240,32,76,0.421,17,41,0.415,23,30,0.767,7,28,35,31,1,3,9,19,104,240,0.583,0.533,0.539,0.395,15.9,73.7,42.7,96.9,1.1,6.3,9.2,100.0,115.3,126.4
2024-11-17,Dallas Mavericks,240,40,84,0.476,11,27,0.407,30,36,0.833,18,35,53,18,4,5,16,20,121,240,0.606,0.542,0.321,0.429,45.0,83.3,64.6,45.0,4.2,11.1,13.8,100.0,127.1,125.0
2024-11-17,Utah Jazz,240,39,79,0.494,12,40,0.3,15,18,0.833,9,32,41,24,7,1,19,14,105,240,0.604,0.57,0.506,0.228,25.0,69.6,50.0,61.5,7.4,1.9,17.9,100.0,111.3,123.0
2024-11-18,Chicago Bulls,240,44,91,0.484,23,46,0.5,11,14,0.786,10,36,46,28,3,5,11,16,122,240,0.628,0.61,0.505,0.154,23.8,69.2,48.9,63.6,3.1,9.3,10.2,100.0,127.2,116.8
2024-11-18,Philadelphia 76ers,240,35,84,0.417,10,41,0.244,9,12,0.75,2,40,42,25,10,3,15,17,89,240,0.498,0.476,0.488,0.143,4.3,81.6,44.2,71.4,9.9,7.0,14.4,100.0,87.8,104.6
2024-11-18,Washington Wizards,240,43,91,0.473,11,33,0.333,9,16,0.563,12,29,41,23,5,3,10,19,106,240,0.541,0.533,0.363,0.176,26.1,80.6,50.0,53.5,5.3,5.9,9.3,100.0,111.6,141.1
2024-11-18,Indiana Pacers,240,44,99,0.444,15,40,0.375,16,20,0.8,12,20,32,29,17,5,11,19,119,240,0.552,0.52,0.404,0.202,25.0,66.7,41.0,65.9,16.4,9.4,9.3,100.0,114.8,125.4
2024-11-18,Houston Rockets,240,40,100,0.4,9,32,0.281,11,13,0.846,16,37,53,19,9,6,13,15,100,240,0.473,0.445,0.32,0.13,29.1,90.2,55.2,47.5,8.9,12.0,11.0,100.0,99.3,100.3
2024-11-18,Orlando Magic,240,39,76,0.513,11,29,0.379,20,25,0.8,8,30,38,28,5,7,11,19,109,240,0.626,0.586,0.382,0.329,21.6,65.2,45.8,71.8,5.7,16.7,11.2,100.0,123.5,112.1
2024-11-18,Atlanta Hawks,240,39,83,0.47,16,38,0.421,15,18,0.833,6,31,37,34,7,7,14,19,109,240,0.599,0.566,0.458,0.217,14.3,77.5,45.1,87.2,7.2,17.9,13.3,100.0,111.5,110.5
2024-11-18,Golden State Warriors,240,37,84,0.44,16,44,0.364,9,19,0.474,9,36,45,27,12,4,19,14,99,240,0.536,0.536,0.524,0.226,18.8,87.8,50.6,73.0,11.8,8.3,17.1,100.0,96.9,99.9
2024-11-19,Cleveland Cavaliers,240,46,93,0.495,10,29,0.345,15,17,0.882,12,29,41,30,4,3,7,15,117,240,0.582,0.548,0.312,0.183,26.7,76.3,49.4,65.2,4.3,6.7,6.5,100.0,124.9,128.1
2024-11-19,Charlotte Hornets,240,38,82,0.463,20,37,0.541,19,22,0.864,13,31,44,25,6,8,23,20,115,240,0.627,0.585,0.451,0.268,33.3,75.6,55.0,65.8,6.2,18.2,20.1,100.0,118.3,119.3
2024-11-19,Denver Nuggets,240,48,100,0.48,12,36,0.333,14,22,0.636,13,40,53,29,15,6,19,29,122,240,0.556,0.54,0.36,0.22,26.5,67.8,49.1,60.4,13.1,9.2,14.8,100.0,106.5,96.0
2024-11-19,New Orleans Pelicans,240,31,78,0.397,11,32,0.344,18,21,0.857,7,30,37,19,9,4,21,22,91,240,0.522,0.468,0.41,0.269,17.1,68.2,43.5,61.3,9.0,6.3,19.4,100.0,91.2,132.3
2024-11-19,Oklahoma City Thunder,240,41,100,0.41,16,53,0.302,6,7,0.857,13,34,47,24,16,4,14,18,104,240,0.504,0.49,0.53,0.07,25.5,81.0,50.5,58.5,15.7,10.8,12.0,100.0,102.3,108.2
2024-11-19,Utah Jazz,240,45,90,0.5,12,36,0.333,16,19,0.842,11,31,42,28,9,0,16,24,118,240,0.6,0.567,0.4,0.211,28.2,83.8,55.3,62.2,9.1,0.0,14.0,100.0,118.9,124.9
2024-11-20,New Orleans Pelicans,240,39,92,0.424,8,31,0.258,14,22,0.636,16,24,40,23,9,3,11,11,100,240,0.492,0.467,0.337,0.239,30.8,60.0,43.5,59.0,9.6,5.9,9.8,100.0,106.3,136.1
2024-11-20,Chicago Bulls,240,41,88,0.466,17,45,0.378,7,7,1.0,5,28,33,25,7,2,14,23,106,240,0.582,0.563,0.511,0.08,12.5,73.7,42.3,61.0,7.3,4.5,13.3,100.0,110.0,126.6
2024-11-20,Indiana Pacers,240,44,83,0.53,5,22,0.227,20,25,0.8,3,33,36,19,7,9,23,24,113,240,0.601,0.56,0.265,0.301,8.1,71.7,43.4,43.2,6.2,13.6,19.7,100.0,100.4,115.5
2024-11-20,Philadelphia 76ers,240,39,87,0.448,11,33,0.333,22,24,0.917,14,27,41,21,12,6,14,19,111,240,0.569,0.511,0.379,0.276,30.4,75.0,50.0,53.8,12.3,14.3,12.5,100.0,114.1,120.2
2024-11-20,Portland Trail Blazers,240,32,79,0.405,15,38,0.395,20,28,0.714,16,33,49,18,6,7,24,20,99,240,0.542,0.5,0.481,0.354,34.0,68.8,51.6,56.3,6.2,11.7,20.8,100.0,101.9,112.2
2024-11-20,Atlanta Hawks,240,35,105,0.333,12,45,0.267,15,24,0.625,21,44,65,27,9,5,17,17,97,240,0.42,0.39,0.429,0.229,31.8,83.0,54.6,77.1,8.1,8.2,12.8,100.0,87.7,108.5
2024-11-20,New York Knicks,240,50,86,0.581,19,39,0.487,19,21,0.905,10,31,41,30,10,0,15,15,138,240,0.724,0.692,0.453,0.244,30.3,73.8,54.7,60.0,10.1,0.0,13.6,100.0,139.8,123.6
2024-11-20,Orlando Magic,240,33,75,0.44,8,35,0.229,19,24,0.792,2,22,24,21,11,7,14,17,93,240,0.543,0.493,0.467,0.32,5.6,59.5,32.9,63.6,11.6,12.7,14.1,100.0,98.1,109.7
2024-11-21,Detroit Pistons,265,42,99,0.424,17,48,0.354,20,25,0.8,21,35,56,30,8,3,19,23,121,265,0.55,0.51,0.485,0.253,39.6,76.1,56.6,71.4,7.7,6.1,14.7,100.0,116.0,117.9
2024-11-21,Minnesota Timberwolves,240,33,80,0.413,12,35,0.343,27,33,0.818,10,30,40,16,12,5,17,24,105,240,0.555,0.488,0.438,0.413,23.3,75.0,48.2,48.5,12.4,10.2,15.2,100.0,108.4,113.6
2024-11-21,Utah Jazz,240,41,98,0.418,13,45,0.289,23,26,0.885,12,37,49,22,4,7,14,29,118,240,0.539,0.485,0.459,0.265,23.1,77.1,49.0,53.7,3.7,12.5,11.3,100.0,110.2,117.6
2024-11-21,Orlando Magic,240,43,91,0.473,15,40,0.375,18,21,0.857,15,33,48,31,8,5,17,25,119,240,0.594,0.555,0.44,0.231,35.7,78.6,57.1,72.1,8.2,8.9,14.5,100.0,121.7,120.7
2024-11-22,Brooklyn Nets,240,39,79,0.494,13,37,0.351,7,7,1.0,7,27,34,28,1,4,19,17,98,240,0.597,0.576,0.468,0.089,21.9,64.3,45.9,71.8,1.1,8.2,18.8,100.0,106.6,122.9
2024-11-22,Boston Celtics,240,36,85,0.424,11,46,0.239,25,32,0.781,10,33,43,22,11,7,12,19,108,240,0.545,0.488,0.541,0.376,20.8,76.7,47.3,61.1,10.9,11.3,10.8,100.0,106.6,94.8
2024-11-22,Golden State Warriors,240,39,87,0.448,12,37,0.324,22,29,0.759,14,38,52,27,5,5,17,19,112,240,0.561,0.517,0.425,0.333,31.8,74.5,54.7,69.2,5.1,9.4,14.6,100.0,114.2,110.1
2024-11-22,Atlanta Hawks,240,49,107,0.458,10,34,0.294,14,19,0.737,14,28,42,32,11,4,11,16,122,240,0.529,0.505,0.318,0.178,28.0,84.8,50.6,65.3,10.2,9.3,8.7,100.0,113.2,126.1
2024-11-22,Portland Trail Blazers,240,30,91,0.33,11,43,0.256,17,22,0.773,13,32,45,17,9,8,21,20,88,240,0.437,0.39,0.473,0.242,25.5,71.1,46.9,56.7,8.6,14.8,17.3,100.0,84.5,111.3
2024-11-22,Indiana Pacers,240,43,91,0.473,11,34,0.324,20,27,0.741,14,32,46,30,11,6,16,17,117,240,0.569,0.533,0.374,0.297,29.2,76.2,51.1,69.8,10.6,11.1,13.5,100.0,112.4,124.0
2024-11-22,Dallas Mavericks,240,46,91,0.505,10,27,0.37,21,27,0.778,12,32,44,24,11,5,13,22,123,240,0.598,0.56,0.297,0.297,30.8,68.1,51.2,52.2,11.0,8.2,11.2,100.0,122.7,119.7
2024-11-22,Sacramento Kings,240,32,83,0.386,7,35,0.2,17,24,0.708,8,40,48,19,5,8,15,13,88,240,0.47,0.428,0.422,0.289,15.7,78.4,47.1,59.4,5.0,15.4,13.8,100.0,88.6,104.7
2024-11-23,New York Knicks,240,39,100,0.39,17,51,0.333,11,12,0.917,11,29,40,25,10,10,9,19,106,240,0.503,0.475,0.51,0.12,20.4,76.3,43.5,64.1,9.9,18.9,7.9,100.0,104.8,119.7
2024-11-23,Detroit Pistons,240,35,75,0.467,13,33,0.394,17,22,0.773,10,24,34,16,7,8,17,21,100,240,0.59,0.553,0.44,0.293,27.0,58.5,43.6,45.7,7.8,16.7,16.7,100.0,111.6,123.9
2024-11-23,Memphis Grizzlies,240,55,96,0.573,19,42,0.452,13,20,0.65,13,36,49,38,5,4,14,18,142,240,0.677,0.672,0.438,0.208,34.2,78.3,58.3,69.1,4.8,7.3,11.8,100.0,136.9,126.3
2024-11-23,Portland Trail Blazers,240,34,90,0.378,18,44,0.409,18,23,0.783,16,37,53,16,5,12,18,26,104,240,0.519,0.478,0.489,0.256,35.6,72.5,55.2,47.1,5.2,20.7,15.2,100.0,108.3,102.1
2024-11-23,Charlotte Hornets,240,41,100,0.41,19,47,0.404,18,21,0.857,14,34,48,22,6,5,10,21,119,240,0.545,0.505,0.47,0.21,25.5,77.3,48.5,53.7,5.9,9.6,8.4,100.0,116.4,122.2
2024-11-23,Golden State Warriors,240,36,95,0.379,14,44,0.318,8,13,0.615,17,32,49,29,4,3,10,21,94,240,0.467,0.453,0.463,0.137,30.4,78.0,50.5,80.6,4.4,7.9,9.0,100.0,103.5,114.5
2024-11-23,Denver Nuggets,240,50,82,0.61,16,32,0.5,11,19,0.579,8,40,48,37,7,2,18,18,127,240,0.703,0.707,0.39,0.232,23.5,87.0,60.0,74.0,7.0,3.8,16.6,100.0,126.2,101.3
2024-11-24,Minnesota Timberwolves,240,37,88,0.42,15,41,0.366,16,21,0.762,11,38,49,19,2,1,8,18,105,240,0.54,0.506,0.466,0.239,25.6,82.6,55.1,51.4,2.2,3.2,7.6,100.0,115.9,118.1
2024-11-24,Washington Wizards,240,36,79,0.456,11,35,0.314,20,25,0.8,8,33,41,24,8,5,17,19,103,240,0.572,0.525,0.443,0.316,19.5,73.3,47.7,66.7,8.3,8.5,15.9,100.0,106.7,119.2
2024-11-24,Dallas Mavericks,265,44,105,0.419,10,40,0.25,20,25,0.8,15,44,59,29,6,9,14,24,118,265,0.509,0.467,0.381,0.238,25.0,78.6,50.9,65.9,5.3,13.6,10.8,100.0,104.7,109.1
2024-11-24,Los Angeles Clippers,240,47,81,0.58,12,30,0.4,19,25,0.76,10,34,44,31,9,5,17,22,125,240,0.679,0.654,0.37,0.309,33.3,72.3,57.1,66.0,9.4,10.6,15.6,100.0,131.0,103.7
2024-11-24,Toronto Raptors,240,37,92,0.402,12,39,0.308,22,34,0.647,19,36,55,22,9,5,16,18,108,240,0.505,0.467,0.424,0.37,35.2,72.0,52.9,59.5,8.9,8.9,13.0,100.0,106.5,120.3
2024-11-24,Brooklyn Nets,240,36,75,0.48,19,39,0.487,17,25,0.68,6,25,31,24,7,5,14,23,108,240,0.628,0.607,0.52,0.333,15.4,69.4,41.3,66.7,7.6,9.6,14.0,100.0,116.8,111.4
2024-11-25,Orlando Magic,240,37,94,0.394,12,46,0.261,9,17,0.529,13,26,39,21,12,6,8,21,95,240,0.468,0.457,0.489,0.181,25.0,66.7,42.9,56.8,12.8,14.0,7.3,100.0,101.4,89.6
2024-11-25,Toronto Raptors,240,41,104,0.394,10,35,0.286,8,10,0.8,23,27,50,26,7,5,10,27,100,240,0.461,0.442,0.337,0.096,41.8,81.8,56.8,63.4,7.6,12.8,8.4,100.0,108.7,110.8
2024-11-25,New Orleans Pelicans,240,45,87,0.517,9,33,0.273,11,19,0.579,8,36,44,35,9,3,15,16,110,240,0.577,0.569,0.379,0.218,19.0,83.7,51.8,77.8,8.8,6.8,13.6,100.0,107.3,111.2
2024-11-25,Dallas Mavericks,240,47,94,0.5,16,35,0.457,19,22,0.864,10,41,51,24,6,8,18,13,129,240,0.622,0.585,0.372,0.234,25.0,82.0,56.7,51.1,5.5,11.4,14.8,100.0,117.6,108.5
2024-11-25,Los Angeles Clippers,240,39,90,0.433,7,26,0.269,9,13,0.692,10,34,44,18,8,3,14,12,94,240,0.491,0.472,0.289,0.144,20.4,81.0,48.4,46.2,8.2,8.1,12.8,100.0,95.8,128.4
2024-11-25,Portland Trail Blazers,240,34,102,0.333,8,46,0.174,22,28,0.786,19,25,44,22,10,7,11,21,98,240,0.429,0.373,0.451,0.275,30.2,61.0,42.3,64.7,9.8,11.9,8.8,100.0,96.3,120.9
2024-11-25,New York Knicks,240,56,92,0.609,19,36,0.528,14,16,0.875,8,35,43,45,5,4,11,23,145,240,0.732,0.712,0.391,0.174,25.8,77.8,56.6,80.4,5.0,6.8,10.0,100.0,144.2,117.3
2024-11-25,Brooklyn Nets,240,41,83,0.494,20,45,0.444,26,30,0.867,7,35,42,23,6,3,12,18,128,240,0.665,0.614,0.542,0.361,17.9,76.1,49.4,56.1,6.0,6.4,11.1,100.0,128.4,120.3
2024-11-25,Oklahoma City Thunder,240,48,86,0.558,14,31,0.452,20,25,0.8,11,33,44,28,6,3,15,18,130,240,0.67,0.64,0.36,0.291,33.3,78.6,58.7,58.3,6.1,5.5,13.4,100.0,133.1,111.6
2024-11-26,Chicago Bulls,240,47,94,0.5,14,40,0.35,19,22,0.864,8,42,50,29,6,4,11,22,127,240,0.612,0.574,0.426,0.234,17.4,89.4,53.8,61.7,5.5,7.4,9.6,100.0,117.3,99.8
2024-11-26,Milwaukee Bucks,240,36,77,0.468,20,42,0.476,14,17,0.824,9,32,41,23,5,7,13,19,106,240,0.627,0.597,0.545,0.221,23.7,78.0,51.9,63.9,5.8,14.6,13.3,100.0,122.2,118.7
2024-11-26,Houston Rockets,265,45,99,0.455,15,37,0.405,12,13,0.923,7,37,44,31,12,9,12,20,117,265,0.559,0.53,0.374,0.131,15.6,72.5,45.8,68.9,11.2,15.0,10.3,100.0,109.5,103.9
2024-11-26,San Antonio Spurs,240,45,93,0.484,18,48,0.375,20,26,0.769,13,26,39,30,12,5,10,17,128,240,0.613,0.581,0.516,0.28,29.5,72.2,48.8,66.7,12.1,10.2,8.7,100.0,128.6,115.6
2024-11-26,Los Angeles Lakers,240,37,85,0.435,8,34,0.235,18,25,0.72,7,35,42,25,7,6,12,11,100,240,0.521,0.482,0.4,0.294,15.6,81.4,47.7,67.6,6.9,10.5,11.1,100.0,99.3,126.1
2024-11-27,Miami Heat,240,33,73,0.452,14,37,0.378,18,22,0.818,4,40,44,21,6,5,22,9,98,240,0.593,0.548,0.507,0.301,12.9,71.4,50.6,63.6,6.2,10.6,21.0,100.0,101.1,97.0
2024-11-27,Atlanta Hawks,240,46,97,0.474,20,42,0.476,23,25,0.92,14,37,51,39,6,6,15,21,135,240,0.625,0.577,0.433,0.258,30.4,75.5,53.7,84.8,5.7,12.8,12.2,100.0,127.8,117.4
2024-11-27,Portland Trail Blazers,240,44,87,0.506,16,35,0.457,10,17,0.588,13,25,38,31,6,5,14,18,114,240,0.603,0.598,0.402,0.195,31.7,56.8,44.7,70.5,6.5,8.1,12.9,100.0,123.2,130.8
2024-11-27,Chicago Bulls,240,46,87,0.529,16,42,0.381,11,16,0.688,7,30,37,30,9,6,18,26,119,240,0.633,0.621,0.483,0.184,17.9,81.1,48.7,65.2,8.6,11.8,16.1,100.0,114.0,127.4
2024-11-27,Houston Rockets,265,40,88,0.455,10,31,0.323,32,38,0.842,14,37,51,23,10,14,21,19,122,265,0.583,0.511,0.352,0.432,30.4,78.7,54.8,57.5,9.2,22.2,16.7,100.0,112.1,105.6
2024-11-27,Los Angeles Clippers,240,45,89,0.506,12,33,0.364,19,25,0.76,13,34,47,27,18,4,16,19,121,240,0.605,0.573,0.371,0.281,31.0,75.6,54.0,60.0,17.9,7.7,13.8,100.0,120.3,95.5
2024-11-27,New York Knicks,240,40,86,0.465,7,29,0.241,27,30,0.9,7,26,33,20,9,3,9,19,114,240,0.575,0.506,0.337,0.349,17.5,72.2,43.4,50.0,9.3,5.8,8.3,100.0,117.7,133.1
2024-11-27,Detroit Pistons,240,40,85,0.471,13,38,0.342,18,25,0.72,9,33,42,24,6,4,20,17,111,240,0.578,0.547,0.447,0.294,22.0,76.7,50.0,60.0,5.7,8.5,17.2,100.0,105.5,124.5
2024-11-27,Sacramento Kings,240,46,94,0.489,12,37,0.324,11,15,0.733,12,35,47,28,8,3,17,21,115,240,0.572,0.553,0.394,0.16,29.3,89.7,58.8,60.9,8.1,8.6,14.5,100.0,116.6,105.4
2024-11-27,Toronto Raptors,240,47,95,0.495,21,52,0.404,4,12,0.333,12,40,52,38,11,4,16,16,119,240,0.593,0.605,0.547,0.126,24.5,80.0,52.5,80.9,10.6,6.9,13.8,100.0,114.7,89.7
2024-11-27,Los Angeles Lakers,240,48,90,0.533,13,34,0.382,10,10,1.0,11,35,46,31,8,3,13,15,119,240,0.63,0.606,0.378,0.111,28.9,76.1,54.8,64.6,8.5,6.7,12.1,100.0,126.7,107.5
2024-11-27,Brooklyn Nets,240,44,87,0.506,18,42,0.429,21,22,0.955,7,29,36,32,8,1,13,24,127,240,0.657,0.609,0.483,0.253,17.1,90.6,49.3,72.7,7.9,2.2,11.9,100.0,125.4,115.5
2024-11-27,Denver Nuggets,240,46,84,0.548,11,33,0.333,19,23,0.826,10,29,39,30,10,8,11,14,122,240,0.648,0.613,0.393,0.274,27.8,58.0,45.3,65.2,10.8,17.0,10.5,100.0,131.4,110.9
2024-11-27,Oklahoma City Thunder,240,39,85,0.459,11,37,0.297,16,26,0.615,8,40,48,26,10,9,14,21,105,240,0.544,0.524,0.435,0.306,17.0,69.0,45.7,66.7,9.9,18.8,12.7,100.0,103.7,99.8
2024-11-29,New York Knicks,240,36,81,0.444,12,32,0.375,15,19,0.789,12,32,44,20,7,5,21,19,99,240,0.554,0.519,0.395,0.235,32.4,69.6,53.0,55.6,7.5,11.9,19.0,100.0,106.0,105.0
2024-11-29,Cleveland Cavaliers,240,38,93,0.409,11,38,0.289,14,17,0.824,11,29,40,21,9,0,13,22,101,240,0.503,0.468,0.409,0.183,20.4,74.4,43.0,55.3,8.9,0.0,11.5,100.0,99.6,115.4
2024-11-29,New Orleans Pelicans,240,38,91,0.418,9,29,0.31,24,30,0.8,14,32,46,16,9,7,15,17,109,240,0.523,0.467,0.319,0.33,27.5,69.6,47.4,42.1,8.8,12.7,12.6,100.0,106.2,116.9
2024-11-29,Orlando Magic,240,44,83,0.53,18,35,0.514,17,22,0.773,11,29,40,29,13,13,17,21,123,240,0.664,0.639,0.422,0.265,26.8,85.3,53.3,65.9,13.4,27.1,15.5,100.0,126.8,103.1
2024-11-29,Los Angeles Clippers,240,36,84,0.429,10,31,0.323,10,13,0.769,8,31,39,20,17,3,15,16,92,240,0.513,0.488,0.369,0.155,17.4,73.8,44.3,55.6,18.1,8.3,14.3,100.0,97.9,99.0
2024-11-29,Boston Celtics,240,49,98,0.5,23,54,0.426,17,23,0.739,11,40,51,24,6,2,9,13,138,240,0.638,0.617,0.551,0.235,22.4,88.9,54.3,49.0,5.8,4.8,7.7,100.0,133.7,125.0
2024-11-29,Detroit Pistons,240,48,83,0.578,18,38,0.474,16,20,0.8,7,37,44,35,9,5,18,16,130,240,0.708,0.687,0.458,0.241,21.9,84.1,57.9,72.9,9.0,9.6,16.4,100.0,130.3,106.3
2024-11-29,Toronto Raptors,240,43,80,0.538,11,29,0.379,14,17,0.824,10,36,46,34,4,3,19,17,111,240,0.634,0.606,0.363,0.213,29.4,80.0,58.2,79.1,4.1,7.5,17.8,100.0,114.4,124.7
2024-11-29,Oklahoma City Thunder,240,38,93,0.409,13,40,0.325,12,16,0.75,15,32,47,20,12,3,10,17,101,240,0.505,0.478,0.43,0.172,27.8,80.0,50.0,52.6,13.1,8.6,9.1,100.0,110.4,101.7
2024-11-29,Sacramento Kings,240,35,78,0.449,15,42,0.357,21,28,0.75,11,30,41,29,7,4,20,19,106,240,0.587,0.545,0.538,0.359,25.6,78.9,50.6,82.9,7.2,7.5,18.1,100.0,108.4,117.6
2024-11-30,Atlanta Hawks,240,38,78,0.487,10,33,0.303,21,27,0.778,14,35,49,27,8,7,22,15,107,240,0.595,0.551,0.423,0.346,34.1,66.0,52.1,71.1,8.4,15.2,19.7,100.0,111.8,108.7
2024-11-30,Philadelphia 76ers,240,42,85,0.494,11,31,0.355,16,22,0.727,12,38,50,19,9,8,17,21,111,240,0.586,0.559,0.365,0.259,27.3,79.2,54.3,45.2,9.0,15.7,15.2,100.0,110.5,95.5
2024-11-30,Washington Wizards,240,41,87,0.471,9,32,0.281,23,24,0.958,8,33,41,24,7,3,12,26,114,240,0.584,0.523,0.368,0.276,20.5,82.5,51.9,58.5,7.0,5.9,11.0,100.0,114.8,124.8
2024-11-30,Golden State Warriors,240,38,92,0.413,14,40,0.35,15,18,0.833,9,34,43,28,8,5,9,17,105,240,0.525,0.489,0.435,0.196,18.8,85.0,48.9,73.7,8.3,11.4,8.3,100.0,109.0,117.4
2024-11-30,Dallas Mavericks,240,41,90,0.456,15,39,0.385,9,15,0.6,12,36,48,30,12,6,15,21,106,240,0.549,0.539,0.433,0.167,26.1,65.5,47.5,73.2,12.4,10.7,13.4,100.0,109.7,97.3
2024-12-01,Orlando Magic,240,34,74,0.459,7,28,0.25,25,32,0.781,14,38,52,23,10,11,22,29,100,240,0.568,0.507,0.378,0.432,35.9,82.6,61.2,67.6,10.4,22.9,20.0,100.0,103.8,95.5
2024-12-01,Indiana Pacers,240,43,90,0.478,14,42,0.333,21,26,0.808,6,35,41,28,8,3,15,22,121,240,0.596,0.556,0.467,0.289,15.8,81.4,50.6,65.1,7.5,6.4,12.9,100.0,113.9,128.0
2024-12-01,Boston Celtics,240,38,95,0.4,17,49,0.347,18,19,0.947,10,36,46,17,11,6,11,19,111,240,0.537,0.489,0.516,0.2,20.8,85.7,51.1,44.7,10.9,13.6,9.6,100.0,109.6,113.5
2024-12-01,New Orleans Pelicans,240,35,94,0.372,4,27,0.148,11,17,0.647,13,29,42,20,14,9,14,19,85,240,0.419,0.394,0.287,0.181,22.0,67.4,41.2,57.1,14.1,19.1,12.1,100.0,85.5,118.7
2024-12-01,Miami Heat,240,39,88,0.443,15,40,0.375,23,28,0.821,12,33,45,25,11,4,14,17,116,240,0.578,0.528,0.455,0.318,24.5,76.7,48.9,64.1,10.9,6.8,12.2,100.0,114.8,117.7
2024-12-01,Oklahoma City Thunder,240,42,94,0.447,13,39,0.333,19,25,0.76,11,35,46,30,5,4,7,26,116,240,0.552,0.516,0.415,0.266,23.4,70.0,47.4,71.4,5.0,7.3,6.3,100.0,117.0,120.1
2024-12-01,Los Angeles Lakers,240,39,88,0.443,7,33,0.212,20,25,0.8,10,32,42,23,7,4,5,18,105,240,0.53,0.483,0.375,0.284,21.7,80.0,48.8,59.0,7.6,10.3,4.8,100.0,114.3,113.3
2024-12-01,Dallas Mavericks,240,48,87,0.552,18,36,0.5,23,29,0.793,8,25,33,33,13,0,13,15,137,240,0.687,0.655,0.414,0.333,21.6,71.4,45.8,68.8,12.7,0.0,11.5,100.0,134.3,128.4
2024-12-01,San Antonio Spurs,240,42,82,0.512,23,46,0.5,20,24,0.833,8,30,38,32,6,9,16,17,127,240,0.686,0.652,0.561,0.293,21.1,58.8,42.7,76.2,6.1,13.0,14.7,100.0,130.0,127.9
2024-12-01,Denver Nuggets,240,51,88,0.58,10,24,0.417,10,19,0.526,8,31,39,37,7,3,14,17,122,240,0.633,0.636,0.273,0.216,21.6,70.5,48.1,72.5,7.0,5.9,12.7,100.0,121.4,125.4
2024-12-02,New Orleans Pelicans,240,44,100,0.44,13,42,0.31,11,17,0.647,15,26,41,21,15,5,16,18,112,240,0.521,0.505,0.42,0.17,27.3,70.3,44.6,47.7,14.1,8.6,13.0,100.0,104.9,116.2
2024-12-02,Miami Heat,240,31,87,0.356,8,35,0.229,19,23,0.826,11,33,44,24,6,1,10,11,89,240,0.458,0.402,0.402,0.264,21.6,70.2,44.9,77.4,6.4,2.9,9.3,100.0,94.4,114.6
2024-12-02,Brooklyn Nets,240,38,95,0.4,14,42,0.333,12,15,0.8,10,31,41,24,9,5,13,19,102,240,0.502,0.474,0.442,0.158,18.9,73.8,43.2,63.2,8.7,11.1,11.3,100.0,98.7,123.8
2024-12-02,Los Angeles Lakers,240,32,79,0.405,6,31,0.194,10,14,0.714,9,30,39,19,8,2,21,16,80,240,0.47,0.443,0.392,0.177,20.0,81.1,47.6,59.4,8.4,4.3,19.8,100.0,84.5,115.1
2024-12-03,Philadelphia 76ers,240,38,82,0.463,16,40,0.4,18,20,0.9,8,23,31,26,9,3,12,22,110,240,0.606,0.561,0.488,0.244,20.0,60.5,39.7,68.4,9.9,7.0,11.7,100.0,121.1,114.5
2024-12-03,Washington Wizards,240,32,83,0.386,4,26,0.154,19,25,0.76,13,39,52,18,4,8,21,21,87,240,0.463,0.41,0.313,0.301,25.5,84.8,53.6,56.3,3.9,18.6,18.3,100.0,85.9,116.5
2024-12-03,Milwaukee Bucks,240,45,80,0.563,23,41,0.561,15,21,0.714,4,32,36,26,10,6,18,17,128,240,0.717,0.706,0.513,0.263,12.5,71.1,46.8,57.8,10.0,11.1,16.8,100.0,127.4,106.5
2024-12-03,Orlando Magic,240,38,87,0.437,9,39,0.231,21,25,0.84,9,29,38,20,9,4,16,19,106,240,0.541,0.489,0.448,0.287,20.9,85.3,49.4,52.6,8.7,8.0,14.0,100.0,102.2,116.7
2024-12-03,Indiana Pacers,240,38,84,0.452,12,30,0.4,23,28,0.821,9,25,34,21,8,6,21,23,111,240,0.576,0.524,0.357,0.333,20.0,80.6,44.7,55.3,7.5,12.5,17.9,100.0,104.6,114.9
2024-12-03,Utah Jazz,240,38,70,0.543,13,35,0.371,17,22,0.773,11,25,36,21,3,6,29,14,106,240,0.665,0.636,0.5,0.314,36.7,62.5,51.4,55.3,3.2,10.9,26.7,100.0,111.6,140.0
2024-12-03,Memphis Grizzlies,240,45,97,0.464,13,40,0.325,13,14,0.929,13,26,39,27,15,3,19,29,116,240,0.562,0.531,0.412,0.144,27.1,65.0,44.3,60.0,14.0,6.1,15.6,100.0,108.2,112.9
2024-12-03,San Antonio Spurs,240,35,100,0.35,8,44,0.182,15,20,0.75,18,35,53,26,9,2,14,17,93,240,0.427,0.39,0.44,0.2,30.0,94.6,54.6,74.3,9.0,4.3,11.4,100.0,93.4,104.4
2024-12-03,Golden State Warriors,240,44,95,0.463,12,38,0.316,15,21,0.714,11,37,48,36,12,3,15,25,115,240,0.552,0.526,0.4,0.221,24.4,90.2,55.8,81.8,11.5,5.5,12.6,100.0,110.1,113.9
2024-12-03,Houston Rockets,240,41,93,0.441,14,39,0.359,15,21,0.714,18,35,53,14,6,1,16,23,111,240,0.543,0.516,0.419,0.226,42.9,77.8,60.9,34.1,6.2,1.6,13.5,100.0,115.6,124.9
2024-12-03,Portland Trail Blazers,240,41,80,0.513,10,29,0.345,13,16,0.813,11,18,29,25,6,4,18,15,105,240,0.603,0.575,0.363,0.2,31.4,62.1,45.3,61.0,6.6,8.3,17.1,100.0,115.6,139.8
2024-12-04,Detroit Pistons,240,43,84,0.512,20,39,0.513,14,18,0.778,8,26,34,27,10,5,19,21,120,240,0.653,0.631,0.464,0.214,21.6,65.0,44.2,62.8,9.9,12.2,17.1,100.0,118.6,128.5
2024-12-04,Indiana Pacers,240,32,75,0.427,8,33,0.242,18,22,0.818,5,34,39,20,6,10,16,19,90,240,0.531,0.48,0.44,0.293,12.2,82.9,47.6,62.5,6.2,22.2,15.9,100.0,93.3,102.6
2024-12-04,Los Angeles Lakers,240,37,88,0.42,5,22,0.227,14,19,0.737,12,24,36,29,9,4,13,8,93,240,0.483,0.449,0.25,0.216,23.5,64.9,40.9,78.4,9.4,9.3,11.9,100.0,97.3,140.3
2024-12-04,Orlando Magic,240,41,84,0.488,8,29,0.276,16,21,0.762,16,26,42,21,13,7,14,18,106,240,0.568,0.536,0.345,0.25,39.0,72.2,54.5,51.2,14.5,13.5,13.1,100.0,118.1,113.6
2024-12-04,Atlanta Hawks,240,45,102,0.441,9,32,0.281,20,22,0.909,15,39,54,29,16,3,14,25,119,240,0.533,0.485,0.314,0.216,31.9,83.0,57.4,64.4,15.4,9.1,11.1,100.0,114.9,100.4
2024-12-04,Minnesota Timberwolves,240,41,85,0.482,16,44,0.364,10,18,0.556,7,43,50,31,15,5,15,16,108,240,0.581,0.576,0.518,0.212,16.3,81.1,52.1,75.6,15.0,11.6,13.9,100.0,108.1,80.1
2024-12-05,Denver Nuggets,240,46,96,0.479,6,24,0.25,16,22,0.727,9,40,49,25,12,5,16,13,114,240,0.539,0.51,0.25,0.229,19.1,81.6,51.0,54.3,11.0,10.9,13.1,100.0,104.2,115.2
2024-12-05,Dallas Mavericks,240,48,89,0.539,20,38,0.526,21,27,0.778,13,45,58,27,8,12,16,16,137,240,0.679,0.652,0.427,0.303,32.5,78.9,59.8,56.3,7.8,20.3,13.7,100.0,133.6,98.5
2024-12-05,Charlotte Hornets,240,40,89,0.449,15,39,0.385,6,10,0.6,10,30,40,27,3,4,11,22,101,240,0.541,0.534,0.438,0.112,21.3,83.3,48.2,67.5,3.3,9.3,10.5,100.0,109.5,135.6
2024-12-05,Oklahoma City Thunder,240,49,102,0.48,17,47,0.362,14,17,0.824,13,42,55,28,15,11,6,16,129,240,0.589,0.564,0.461,0.167,25.0,77.8,51.9,57.1,14.6,24.4,5.2,100.0,126.0,89.8
2024-12-05,Sacramento Kings,240,39,98,0.398,8,35,0.229,24,28,0.857,14,32,46,19,11,1,13,23,110,240,0.499,0.439,0.357,0.286,25.9,78.0,48.4,48.7,10.4,2.4,10.5,100.0,104.4,109.1
2024-12-05,Phoenix Suns,240,43,85,0.506,17,45,0.378,21,26,0.808,10,36,46,32,10,3,17,15,124,240,0.643,0.606,0.529,0.306,23.8,75.0,51.1,74.4,9.7,5.1,15.0,100.0,119.9,121.8
2024-12-05,Chicago Bulls,240,52,90,0.578,17,37,0.459,18,23,0.783,11,39,50,36,6,5,19,26,139,240,0.694,0.672,0.411,0.256,29.7,72.2,54.9,69.2,5.6,7.5,16.0,100.0,130.8,116.7
2024-12-05,Houston Rockets,240,35,93,0.376,10,38,0.263,13,17,0.765,11,34,45,20,9,9,8,20,93,240,0.463,0.43,0.409,0.183,20.4,75.6,45.5,57.1,9.5,15.5,7.4,100.0,98.5,104.8
2024-12-06,Orlando Magic,240,33,78,0.423,13,46,0.283,15,17,0.882,8,30,38,21,8,6,21,23,94,240,0.55,0.506,0.59,0.218,22.9,75.0,50.7,63.6,8.4,11.3,19.7,100.0,98.7,107.1
2024-12-06,Los Angeles Lakers,265,51,99,0.515,16,35,0.457,14,16,0.875,6,34,40,33,11,10,15,24,132,265,0.622,0.596,0.354,0.162,14.0,75.6,45.5,64.7,9.7,16.7,12.4,100.0,116.8,118.6
2024-12-06,Milwaukee Bucks,240,40,94,0.426,11,29,0.379,14,17,0.824,12,39,51,16,4,2,9,16,105,240,0.517,0.484,0.309,0.181,26.1,84.8,55.4,40.0,4.3,5.9,8.1,100.0,112.6,119.1
2024-12-06,Indiana Pacers,240,52,92,0.565,18,30,0.6,10,12,0.833,7,39,46,33,9,4,13,10,132,240,0.678,0.663,0.326,0.13,18.9,83.0,54.8,63.5,8.7,8.5,11.8,100.0,128.0,119.3
2024-12-06,Sacramento Kings,240,51,90,0.567,16,34,0.471,22,24,0.917,7,37,44,33,7,6,11,20,140,240,0.696,0.656,0.378,0.267,18.9,75.5,51.2,64.7,6.8,12.0,9.9,100.0,135.9,109.7
2024-12-06,Minnesota Timberwolves,240,40,88,0.455,14,42,0.333,13,14,0.929,9,39,48,32,12,6,21,14,107,240,0.568,0.534,0.477,0.159,22.5,79.6,53.9,80.0,11.8,14.0,18.2,100.0,105.5,88.7
2024-12-06,Utah Jazz,240,53,96,0.552,14,32,0.438,21,23,0.913,11,50,61,34,6,11,14,17,141,240,0.664,0.625,0.333,0.24,28.2,89.3,64.2,64.2,5.7,22.9,11.7,100.0,132.8,93.2
2024-12-07,Cleveland Cavaliers,240,42,84,0.5,14,38,0.368,18,24,0.75,14,33,47,28,6,6,12,20,116,240,0.613,0.583,0.452,0.286,34.1,76.7,56.0,66.7,6.6,12.8,11.3,100.0,127.0,111.7
2024-12-07,Oklahoma City Thunder,240,45,85,0.529,12,32,0.375,17,21,0.81,10,35,45,27,13,3,20,24,119,240,0.631,0.6,0.376,0.247,27.0,81.4,56.3,60.0,12.9,7.1,17.5,100.0,118.1,108.2
2024-12-07,Denver Nuggets,240,46,95,0.484,5,25,0.2,16,27,0.593,16,32,48,34,11,6,15,23,113,240,0.529,0.511,0.263,0.284,34.0,68.1,51.1,73.9,10.7,11.5,12.3,100.0,110.1,118.8
2024-12-07,Detroit Pistons,240,43,83,0.518,18,36,0.5,16,19,0.842,9,34,43,28,7,0,19,20,120,240,0.657,0.627,0.434,0.229,25.0,89.5,58.1,65.1,7.0,0.0,17.2,100.0,120.3,111.3
2024-12-07,Dallas Mavericks,240,38,81,0.469,17,45,0.378,32,37,0.865,14,38,52,21,10,8,18,16,125,240,0.642,0.574,0.556,0.457,31.1,82.6,57.1,55.3,9.8,14.8,15.6,100.0,122.9,116.0
2024-12-07,Memphis Grizzlies,240,47,94,0.5,15,33,0.455,18,23,0.783,11,41,52,25,13,7,13,25,127,240,0.61,0.58,0.351,0.245,23.4,73.2,50.5,53.2,12.1,15.6,11.1,100.0,117.8,112.3
2024-12-07,Phoenix Suns,240,36,82,0.439,16,41,0.39,23,25,0.92,13,28,41,29,8,3,14,20,111,240,0.597,0.537,0.5,0.305,30.2,71.8,50.0,80.6,8.6,5.6,13.1,100.0,119.4,130.1
2024-12-08,Philadelphia 76ers,240,43,92,0.467,9,36,0.25,13,14,0.929,10,46,56,25,8,5,16,15,108,240,0.55,0.516,0.391,0.152,23.3,95.8,61.5,58.1,7.8,15.6,14.0,100.0,105.4,97.6
2024-12-08,Milwaukee Bucks,240,39,68,0.574,15,31,0.484,25,32,0.781,3,28,31,26,6,7,16,18,118,240,0.719,0.684,0.456,0.471,11.5,80.0,50.8,66.7,6.5,15.2,16.3,100.0,127.5,122.1
2024-12-08,Charlotte Hornets,240,40,78,0.513,14,29,0.483,19,26,0.731,10,35,45,24,11,3,25,18,113,240,0.632,0.603,0.372,0.333,27.8,92.1,60.8,60.0,10.8,6.5,21.8,100.0,110.9,107.0
2024-12-08,Denver Nuggets,240,56,89,0.629,12,27,0.444,17,24,0.708,7,36,43,43,9,5,20,22,141,240,0.708,0.697,0.303,0.27,21.2,65.5,48.9,76.8,8.5,8.2,16.7,100.0,132.6,104.4
2024-12-08,Cleveland Cavaliers,240,41,86,0.477,14,33,0.424,17,18,0.944,5,31,36,25,5,1,9,18,113,240,0.602,0.558,0.384,0.209,11.9,75.6,43.4,61.0,5.2,2.0,8.7,100.0,117.0,126.3
2024-12-08,Phoenix Suns,240,39,83,0.47,13,28,0.464,19,22,0.864,9,30,39,24,7,6,21,24,110,240,0.593,0.548,0.337,0.265,23.1,68.2,47.0,61.5,7.0,11.5,18.5,100.0,110.4,115.4
2024-12-08,New Orleans Pelicans,240,43,99,0.434,13,38,0.342,17,21,0.81,13,30,43,26,9,8,8,21,116,240,0.536,0.5,0.384,0.212,25.0,65.2,43.9,60.5,9.0,14.8,6.9,100.0,116.1,121.1
2024-12-08,Memphis Grizzlies,240,50,96,0.521,17,43,0.395,23,29,0.793,12,34,46,34,12,8,18,20,140,240,0.644,0.609,0.448,0.302,27.3,63.0,46.9,68.0,10.9,11.8,14.2,100.0,127.6,102.1
2024-12-08,Minnesota Timberwolves,240,36,79,0.456,19,42,0.452,15,20,0.75,7,32,39,22,6,8,16,18,106,240,0.604,0.576,0.532,0.253,18.4,69.6,46.4,61.1,6.3,16.3,15.4,100.0,111.6,120.1
2024-12-08,Houston Rockets,240,40,82,0.488,15,41,0.366,22,26,0.846,12,38,50,23,4,4,15,16,117,240,0.626,0.579,0.5,0.317,31.6,84.4,60.2,57.5,4.2,6.9,13.8,100.0,122.4,110.9
2024-12-08,Utah Jazz,240,31,80,0.388,15,42,0.357,20,21,0.952,9,29,38,21,6,6,20,17,97,240,0.543,0.481,0.525,0.263,20.9,76.3,46.9,67.7,6.1,10.7,18.3,100.0,98.1,142.6
2024-12-08,Portland Trail Blazers,240,35,84,0.417,9,36,0.25,19,21,0.905,12,37,49,17,4,3,18,19,98,240,0.526,0.47,0.429,0.25,27.3,82.2,55.1,48.6,4.2,6.1,16.2,100.0,103.2,112.7
2024-12-09,New York Knicks,240,42,82,0.512,17,40,0.425,12,19,0.632,6,34,40,32,7,7,10,13,113,240,0.625,0.616,0.488,0.232,15.0,66.7,44.0,76.2,7.5,11.5,10.0,100.0,120.4,115.1
2024-12-10,Orlando Magic,240,41,93,0.441,6,27,0.222,21,27,0.778,15,31,46,19,11,4,14,21,109,240,0.52,0.473,0.29,0.29,31.9,86.1,55.4,46.3,11.1,8.5,11.8,100.0,110.2,115.2
2024-12-10,Dallas Mavericks,240,38,80,0.475,15,36,0.417,13,19,0.684,7,37,44,25,10,2,19,12,104,240,0.589,0.569,0.45,0.238,16.7,68.5,45.8,65.8,10.1,3.9,17.7,100.0,104.8,119.0
2024-12-11,Atlanta Hawks,240,43,104,0.413,9,31,0.29,13,20,0.65,22,36,58,27,5,7,11,13,108,240,0.479,0.457,0.298,0.192,37.3,75.0,54.2,62.8,5.0,13.7,8.9,100.0,108.8,100.8
2024-12-11,Golden State Warriors,240,37,84,0.44,12,38,0.316,4,9,0.444,11,28,39,22,13,8,22,11,90,240,0.512,0.512,0.452,0.107,27.5,80.0,52.0,59.5,13.7,14.3,20.0,100.0,94.7,95.7
2024-12-12,Detroit Pistons,240,42,98,0.429,7,37,0.189,8,10,0.8,9,34,43,27,8,4,8,12,99,240,0.483,0.464,0.378,0.102,17.3,81.0,45.7,64.3,8.0,9.5,7.2,100.0,99.1,123.1
2024-12-12,Toronto Raptors,240,41,92,0.446,11,32,0.344,11,15,0.733,9,33,42,29,8,5,12,24,104,240,0.527,0.505,0.348,0.163,18.0,75.0,44.7,70.7,7.9,9.8,10.8,100.0,103.2,113.2
2024-12-12,Sacramento Kings,240,37,92,0.402,10,33,0.303,27,29,0.931,17,33,50,24,12,2,11,19,111,240,0.53,0.457,0.359,0.315,34.0,76.7,53.8,64.9,12.5,4.3,9.5,100.0,115.8,113.8
2024-12-13,Washington Wizards,240,41,86,0.477,14,40,0.35,9,11,0.818,6,38,44,24,7,7,18,28,105,240,0.578,0.558,0.465,0.128,15.0,70.4,46.8,58.5,6.9,17.1,16.5,100.0,104.1,114.0
2024-12-13,Indiana Pacers,240,47,91,0.516,14,38,0.368,13,17,0.765,8,33,41,35,9,4,10,21,121,240,0.614,0.593,0.418,0.187,20.0,68.8,46.6,74.5,9.2,6.7,9.2,100.0,124.0,109.7
2024-12-13,Charlotte Hornets,240,35,98,0.357,8,46,0.174,17,21,0.81,17,37,54,22,7,5,17,20,95,240,0.443,0.398,0.469,0.214,30.9,72.5,50.9,62.9,6.8,11.9,13.7,100.0,92.6,106.3
2024-12-13,Brooklyn Nets,240,42,92,0.457,20,53,0.377,15,19,0.789,8,33,41,30,9,7,18,20,119,240,0.593,0.565,0.576,0.207,17.8,73.3,45.6,71.4,8.4,11.1,15.2,100.0,110.7,125.5
2024-12-13,Los Angeles Lakers,240,33,86,0.384,10,35,0.286,11,17,0.647,15,38,53,17,7,6,22,21,87,240,0.465,0.442,0.407,0.198,28.8,77.6,52.5,51.5,7.1,10.9,19.1,100.0,88.5,98.7
2024-12-13,Los Angeles Clippers,240,37,83,0.446,14,41,0.341,10,18,0.556,5,26,31,24,18,2,19,22,98,240,0.539,0.53,0.494,0.217,10.9,83.9,40.3,64.9,17.2,4.2,17.3,100.0,93.5,114.5
2024-12-13,Phoenix Suns,240,47,89,0.528,22,45,0.489,18,20,0.9,9,28,37,36,10,7,8,18,134,240,0.685,0.652,0.506,0.225,24.3,82.4,52.1,76.6,10.6,18.4,7.6,100.0,142.2,133.7
2024-12-13,San Antonio Spurs,240,44,85,0.518,14,30,0.467,16,21,0.762,13,28,41,32,5,6,15,13,118,240,0.626,0.6,0.353,0.247,31.7,77.8,53.2,72.7,5.3,14.6,13.7,100.0,124.4,122.2
2024-12-14,Atlanta Hawks,240,35,82,0.427,10,24,0.417,22,34,0.647,7,37,44,23,3,6,13,20,102,240,0.526,0.488,0.293,0.415,14.6,86.0,48.4,65.7,2.9,14.6,11.8,100.0,100.0,107.8
2024-12-14,Houston Rockets,240,35,96,0.365,11,46,0.239,15,25,0.6,19,30,49,17,7,3,16,25,96,240,0.449,0.422,0.479,0.26,32.8,88.2,53.3,48.6,7.0,6.0,13.0,100.0,96.1,111.1
2024-12-15,New Orleans Pelicans,240,38,97,0.392,10,33,0.303,18,23,0.783,19,30,49,18,11,4,18,19,104,240,0.485,0.443,0.34,0.237,34.5,81.1,53.3,47.4,10.9,9.3,14.4,100.0,103.0,117.9
2024-12-15,New York Knicks,240,33,71,0.465,10,24,0.417,24,30,0.8,7,38,45,20,8,3,19,16,100,240,0.594,0.535,0.338,0.423,19.4,79.2,53.6,60.6,8.5,5.4,18.4,100.0,105.7,96.2
2024-12-15,Boston Celtics,240,40,93,0.43,18,46,0.391,14,24,0.583,16,40,56,26,11,5,18,15,112,240,0.541,0.527,0.495,0.258,32.0,70.2,52.3,65.0,10.9,8.5,14.8,100.0,111.0,97.1
2024-12-15,Minnesota Timberwolves,240,40,100,0.4,12,35,0.343,14,16,0.875,14,37,51,26,11,4,12,13,106,240,0.495,0.46,0.35,0.16,26.9,75.5,50.5,65.0,11.0,8.7,10.1,100.0,105.7,91.7
2024-12-15,Portland Trail Blazers,240,42,94,0.447,15,49,0.306,10,13,0.769,12,36,48,30,6,4,13,22,109,240,0.547,0.527,0.521,0.138,26.1,75.0,51.1,71.4,6.2,8.0,11.5,100.0,113.0,120.2
2024-12-15,Dallas Mavericks,240,52,87,0.598,21,41,0.512,18,25,0.72,10,37,47,36,8,5,16,12,143,240,0.73,0.718,0.471,0.287,31.3,71.2,56.0,69.2,7.9,10.2,14.0,100.0,141.6,131.7
2024-12-15,Memphis Grizzlies,240,38,97,0.392,9,28,0.321,25,30,0.833,17,33,50,25,10,3,21,31,110,240,0.499,0.438,0.289,0.309,33.3,76.7,53.2,65.8,9.1,6.3,16.0,100.0,100.5,106.0
2024-12-16,Philadelphia 76ers,240,41,80,0.513,16,38,0.421,23,30,0.767,9,33,42,21,14,4,20,20,121,240,0.649,0.613,0.475,0.375,23.7,78.6,52.5,51.2,13.7,8.9,17.7,100.0,118.6,105.8
2024-12-16,Miami Heat,265,45,99,0.455,12,43,0.279,22,24,0.917,9,35,44,30,16,2,13,19,124,265,0.566,0.515,0.434,0.242,16.7,83.3,45.8,66.7,14.2,4.0,10.6,100.0,110.2,111.1
2024-12-16,Cleveland Cavaliers,240,43,81,0.531,19,47,0.404,25,29,0.862,12,30,42,33,14,6,17,19,130,240,0.693,0.648,0.58,0.358,31.6,76.9,54.5,76.7,14.2,12.8,15.3,100.0,131.5,102.1
2024-12-16,Chicago Bulls,240,43,93,0.462,14,40,0.35,22,28,0.786,8,33,41,33,12,8,12,23,122,240,0.579,0.538,0.43,0.301,19.0,76.7,48.2,76.7,11.1,12.1,10.2,100.0,112.8,111.9
2024-12-16,Denver Nuggets,240,51,102,0.5,10,28,0.357,18,24,0.75,15,40,55,38,9,4,15,18,130,240,0.577,0.549,0.275,0.235,32.6,78.4,56.7,74.5,8.3,6.0,11.8,100.0,119.5,118.6
2024-12-16,Utah Jazz,240,36,80,0.45,13,39,0.333,22,30,0.733,10,25,35,22,8,3,23,20,107,240,0.574,0.531,0.488,0.375,22.7,78.1,46.1,61.1,7.7,7.0,19.8,100.0,103.2,138.9
2024-12-17,Milwaukee Bucks,240,34,81,0.42,17,40,0.425,12,18,0.667,9,43,52,25,6,4,19,20,97,240,0.545,0.525,0.494,0.222,20.0,86.0,54.7,73.5,6.2,7.4,17.6,100.0,100.3,83.8
2024-12-19,Utah Jazz,240,39,83,0.47,20,40,0.5,28,31,0.903,15,47,62,23,5,8,27,19,126,240,0.652,0.59,0.482,0.373,36.6,78.3,61.4,59.0,4.7,13.8,21.8,100.0,117.9,111.4
2024-12-19,Oklahoma City Thunder,240,40,83,0.482,10,31,0.323,15,16,0.938,4,28,32,23,15,6,13,20,105,240,0.583,0.542,0.373,0.193,11.8,73.7,44.4,57.5,15.6,14.0,12.6,100.0,108.9,102.7
2024-12-19,Charlotte Hornets,240,43,106,0.406,8,43,0.186,20,27,0.741,22,30,52,30,12,2,8,21,114,240,0.484,0.443,0.406,0.255,35.5,71.4,50.0,69.8,11.9,4.9,6.4,100.0,113.2,122.1
2024-12-19,Chicago Bulls,240,42,94,0.447,19,52,0.365,14,16,0.875,11,45,56,23,2,2,12,19,117,240,0.579,0.548,0.553,0.17,24.4,80.4,55.4,54.8,2.0,4.9,10.6,100.0,119.5,110.3
2024-12-19,Brooklyn Nets,240,33,82,0.402,9,39,0.231,26,31,0.839,15,38,53,18,3,6,17,21,101,240,0.528,0.457,0.476,0.378,38.5,79.2,60.9,54.5,3.3,14.3,15.1,100.0,110.2,102.6
2024-12-19,New Orleans Pelicans,240,41,92,0.446,13,28,0.464,18,25,0.72,11,26,37,25,6,2,12,22,113,240,0.549,0.516,0.304,0.272,23.4,81.3,46.8,61.0,6.0,4.2,10.4,100.0,112.8,132.7
2024-12-19,Golden State Warriors,240,32,90,0.356,12,36,0.333,17,24,0.708,10,26,36,20,11,5,18,16,93,240,0.462,0.422,0.4,0.267,18.2,63.4,37.5,62.5,10.5,10.0,15.2,100.0,88.7,137.3
2024-12-19,Atlanta Hawks,265,46,97,0.474,16,38,0.421,18,21,0.857,12,41,53,32,14,6,23,22,126,265,0.593,0.557,0.392,0.216,26.1,83.7,55.8,69.6,12.1,10.2,17.8,100.0,108.5,114.5
2024-12-19,Los Angeles Clippers,240,44,85,0.518,14,33,0.424,16,17,0.941,8,39,47,30,9,3,15,20,118,240,0.638,0.6,0.388,0.2,20.0,83.0,54.0,68.2,9.1,5.4,14.0,100.0,118.7,95.6
2024-12-19,Indiana Pacers,240,39,89,0.438,16,41,0.39,26,31,0.839,9,38,47,30,9,7,9,21,120,240,0.585,0.528,0.461,0.348,19.6,84.4,51.6,76.9,8.9,13.5,8.1,100.0,118.7,109.8
2024-12-19,New York Knicks,240,50,97,0.515,20,45,0.444,13,16,0.813,16,41,57,39,10,2,15,12,133,240,0.639,0.619,0.464,0.165,34.0,87.2,60.6,78.0,9.9,4.3,12.6,100.0,131.7,106.0
2024-12-19,Denver Nuggets,240,47,87,0.54,15,34,0.441,15,21,0.714,8,32,40,35,7,3,11,20,124,240,0.644,0.626,0.391,0.241,21.1,68.1,47.1,74.5,7.1,5.9,10.3,100.0,126.4,128.4
2024-12-19,Los Angeles Lakers,240,38,93,0.409,12,33,0.364,25,30,0.833,13,39,52,22,8,10,13,16,113,240,0.532,0.473,0.355,0.323,25.0,90.7,54.7,57.9,7.8,18.9,10.9,100.0,109.9,97.3
2024-12-20,Charlotte Hornets,240,36,78,0.462,10,31,0.323,16,21,0.762,13,31,44,22,7,4,17,19,98,240,0.562,0.526,0.397,0.269,31.7,73.8,53.0,61.1,7.7,8.0,16.3,100.0,107.3,118.3
2024-12-20,Milwaukee Bucks,240,40,85,0.471,10,27,0.37,11,18,0.611,10,35,45,23,14,4,20,17,101,240,0.543,0.529,0.318,0.212,20.4,79.5,48.4,57.5,13.5,9.1,17.7,100.0,97.5,119.7
2024-12-20,Oklahoma City Thunder,240,39,86,0.453,14,34,0.412,12,17,0.706,12,36,48,24,8,5,14,17,104,240,0.556,0.535,0.395,0.198,26.1,83.7,53.9,61.5,8.2,11.6,13.0,100.0,106.4,99.2
2024-12-21,Los Angeles Lakers,240,40,83,0.482,9,35,0.257,14,21,0.667,9,39,48,23,10,6,14,14,103,240,0.558,0.536,0.422,0.253,20.5,78.0,51.1,57.5,10.3,11.3,13.2,100.0,106.4,102.3
2024-12-21,Miami Heat,240,36,75,0.48,9,32,0.281,33,42,0.786,7,31,38,16,7,2,15,25,114,240,0.61,0.54,0.427,0.56,18.4,75.6,48.1,44.4,7.1,4.0,13.8,100.0,114.9,122.0
2024-12-21,Memphis Grizzlies,240,50,97,0.515,18,41,0.439,10,13,0.769,8,32,40,35,13,1,18,22,128,240,0.623,0.608,0.423,0.134,18.6,84.2,49.4,70.0,11.9,2.4,14.9,100.0,117.2,102.5
2024-12-21,Utah Jazz,240,41,86,0.477,14,41,0.341,9,17,0.529,10,35,45,25,11,8,18,16,105,240,0.562,0.558,0.477,0.198,22.7,68.6,47.4,61.0,11.1,14.8,16.1,100.0,105.6,94.5
2024-12-21,Boston Celtics,240,48,100,0.48,15,45,0.333,12,14,0.857,17,42,59,27,8,4,12,12,123,240,0.579,0.555,0.45,0.14,34.0,80.8,57.8,56.3,7.9,7.0,10.2,100.0,122.1,97.3
2024-12-21,Philadelphia 76ers,240,34,85,0.4,11,34,0.324,20,27,0.741,11,30,41,13,7,3,13,16,99,240,0.511,0.465,0.4,0.318,23.4,69.8,45.6,38.2,7.3,6.4,11.8,100.0,103.4,131.6
2024-12-21,Washington Wizards,240,36,81,0.444,18,42,0.429,11,16,0.688,8,39,47,20,7,4,19,10,101,240,0.574,0.556,0.519,0.198,19.0,79.6,51.6,55.6,7.1,8.0,17.8,100.0,101.8,112.9
2024-12-21,Golden State Warriors,240,40,87,0.46,16,42,0.381,17,23,0.739,11,34,45,30,9,6,11,23,113,240,0.582,0.552,0.483,0.264,24.4,75.6,50.0,75.0,9.3,12.5,10.2,100.0,117.2,106.8
2024-12-21,New York Knicks,240,38,87,0.437,15,37,0.405,13,15,0.867,15,27,42,24,11,3,17,18,104,240,0.556,0.523,0.425,0.172,34.1,62.8,48.3,63.2,12.1,6.1,15.4,100.0,114.1,102.1
2024-12-21,Los Angeles Clippers,240,34,81,0.42,10,37,0.27,19,22,0.864,8,32,40,18,8,7,17,14,97,240,0.535,0.481,0.457,0.272,20.0,74.4,48.2,52.9,8.3,13.2,15.8,100.0,100.3,116.9
2024-12-21,Portland Trail Blazers,240,38,96,0.396,12,43,0.279,6,9,0.667,11,33,44,21,8,3,13,15,94,240,0.47,0.458,0.448,0.094,22.9,73.3,47.3,55.3,8.1,5.3,11.5,100.0,95.6,116.0
2024-12-21,Detroit Pistons,240,49,89,0.551,19,39,0.487,16,22,0.727,10,25,35,31,13,4,13,19,133,240,0.674,0.657,0.438,0.247,25.6,80.6,50.0,63.3,13.1,8.2,11.6,100.0,133.5,125.5
2024-12-22,Indiana Pacers,240,50,86,0.581,17,39,0.436,5,8,0.625,6,44,50,36,7,5,12,15,122,240,0.681,0.68,0.453,0.093,15.8,74.6,51.5,72.0,7.3,8.6,11.8,100.0,127.5,99.3
2024-12-22,Houston Rockets,240,40,89,0.449,7,28,0.25,27,33,0.818,18,35,53,18,12,6,21,14,114,240,0.551,0.489,0.315,0.371,36.7,76.1,55.8,45.0,11.5,12.2,16.9,100.0,108.9,105.1
2024-12-22,Denver Nuggets,265,49,97,0.505,10,33,0.303,24,32,0.75,14,40,54,34,10,8,22,19,132,265,0.594,0.557,0.34,0.33,29.2,81.6,55.7,69.4,8.4,11.8,16.5,100.0,111.1,108.6
2024-12-23,Houston Rockets,240,43,99,0.434,13,42,0.31,15,19,0.789,21,39,60,23,4,8,12,16,114,240,0.531,0.5,0.424,0.192,38.9,78.0,57.7,53.5,4.2,15.1,10.1,100.0,118.3,104.8
2024-12-23,Utah Jazz,240,38,92,0.413,19,44,0.432,18,26,0.692,18,33,51,27,6,5,17,20,113,240,0.546,0.516,0.478,0.283,37.5,76.7,56.0,71.1,6.2,11.1,14.1,100.0,115.9,127.2
2024-12-23,Boston Celtics,240,37,84,0.44,8,33,0.242,22,27,0.815,8,33,41,13,13,5,19,16,104,240,0.542,0.488,0.393,0.321,18.6,82.5,49.4,35.1,12.5,10.0,16.5,100.0,100.4,104.2
2024-12-23,San Antonio Spurs,240,37,81,0.457,15,45,0.333,17,18,0.944,3,39,42,24,4,12,18,21,106,240,0.596,0.549,0.556,0.222,7.3,81.3,47.2,64.9,3.9,24.5,16.8,100.0,103.4,108.2
2024-12-23,Minnesota Timberwolves,240,39,91,0.429,14,43,0.326,12,13,0.923,16,27,43,31,12,3,21,17,104,240,0.538,0.505,0.473,0.143,33.3,81.8,53.1,79.5,12.1,8.1,17.8,100.0,104.8,117.9
2024-12-23,Brooklyn Nets,240,33,84,0.393,13,34,0.382,16,20,0.8,11,31,42,23,9,2,15,18,95,240,0.512,0.47,0.405,0.238,22.0,86.1,48.8,69.7,9.6,6.3,13.9,100.0,101.0,117.0
2024-12-23,Toronto Raptors,240,42,77,0.545,11,28,0.393,30,37,0.811,4,26,30,28,6,3,15,25,125,240,0.67,0.617,0.364,0.481,12.9,76.5,46.2,66.7,5.8,6.1,13.9,100.0,120.3,133.8
2024-12-23,Milwaukee Bucks,240,40,87,0.46,18,43,0.419,14,17,0.824,7,42,49,24,7,1,13,16,112,240,0.593,0.563,0.494,0.195,15.9,82.4,51.6,60.0,7.1,2.4,12.1,100.0,112.9,91.7
2024-12-23,Los Angeles Clippers,240,42,96,0.438,9,27,0.333,21,26,0.808,15,38,53,22,15,6,17,28,114,240,0.531,0.484,0.281,0.271,28.8,66.7,48.6,52.4,14.0,10.5,13.7,100.0,106.4,102.6
2024-12-23,Washington Wizards,240,36,91,0.396,16,43,0.372,17,20,0.85,13,38,51,25,7,8,19,16,105,240,0.526,0.484,0.473,0.22,24.5,66.7,46.4,69.4,6.7,11.8,16.0,100.0,100.3,117.5
2024-12-23,Portland Trail Blazers,240,43,93,0.462,8,29,0.276,14,19,0.737,16,32,48,23,6,1,19,25,108,240,0.533,0.505,0.312,0.204,36.4,71.1,53.9,53.5,5.9,1.9,15.8,100.0,107.1,130.8
2024-12-23,Phoenix Suns,240,33,83,0.398,13,33,0.394,11,15,0.733,9,30,39,23,6,5,15,13,90,240,0.502,0.476,0.398,0.181,20.5,73.2,45.9,69.7,6.4,10.2,14.3,100.0,96.3,125.3
2024-12-23,Indiana Pacers,240,45,92,0.489,11,35,0.314,10,11,0.909,8,35,43,26,7,4,12,16,111,240,0.573,0.549,0.38,0.12,19.5,76.1,49.4,57.8,7.2,7.7,11.0,100.0,113.9,107.7
2024-12-23,Detroit Pistons,240,47,92,0.511,11,30,0.367,12,12,1.0,10,27,37,24,12,5,12,20,117,240,0.601,0.571,0.326,0.13,23.8,81.8,49.3,51.1,12.3,11.4,11.0,100.0,120.2,117.1
2024-12-25,San Antonio Spurs,240,42,83,0.506,16,38,0.421,14,17,0.824,8,37,45,33,3,6,15,15,114,240,0.63,0.602,0.458,0.205,21.1,68.5,48.9,78.6,3.2,9.8,14.2,100.0,121.0,124.2
2024-12-25,Minnesota Timberwolves,240,40,86,0.465,14,32,0.438,11,13,0.846,8,38,46,23,8,5,10,14,105,240,0.572,0.547,0.372,0.151,20.0,77.6,51.7,57.5,8.7,11.4,9.8,100.0,114.4,107.9
2024-12-25,Philadelphia 76ers,240,41,88,0.466,17,40,0.425,19,19,1.0,5,34,39,28,10,5,6,17,118,240,0.612,0.563,0.455,0.216,11.6,72.3,43.3,68.3,10.3,10.9,5.9,100.0,121.9,117.8
2024-12-25,Los Angeles Lakers,240,41,91,0.451,15,42,0.357,18,18,1.0,11,30,41,30,6,4,9,14,115,240,0.581,0.533,0.462,0.198,25.6,71.4,48.2,73.2,6.4,9.1,8.3,100.0,122.6,120.4
2024-12-25,Denver Nuggets,240,36,78,0.462,8,29,0.276,20,28,0.714,14,32,46,20,3,2,16,16,100,240,0.554,0.513,0.372,0.359,31.8,72.7,52.3,55.6,3.3,3.8,15.0,100.0,109.8,120.8
2024-12-26,Oklahoma City Thunder,240,44,95,0.463,13,37,0.351,19,24,0.792,9,36,45,20,4,4,3,18,120,240,0.568,0.532,0.389,0.253,18.4,76.6,46.9,45.5,4.1,7.5,2.8,100.0,123.3,117.2
2024-12-26,Miami Heat,240,31,76,0.408,15,30,0.5,12,14,0.857,7,28,35,21,14,6,21,20,89,240,0.542,0.507,0.395,0.184,17.5,75.7,45.5,67.7,14.7,12.5,20.4,100.0,93.6,92.5
2024-12-26,Charlotte Hornets,240,41,94,0.436,17,42,0.405,11,14,0.786,11,39,50,31,6,4,19,23,110,240,0.549,0.527,0.447,0.149,23.9,83.0,53.8,75.6,5.7,8.5,15.9,100.0,105.4,108.3
2024-12-26,Chicago Bulls,240,53,98,0.541,22,43,0.512,5,6,0.833,9,27,36,36,8,1,16,26,133,240,0.661,0.653,0.439,0.061,22.0,69.2,45.0,67.9,7.7,2.3,13.7,100.0,127.7,135.4
2024-12-26,Toronto Raptors,240,49,108,0.454,14,43,0.326,14,18,0.778,13,27,40,39,8,3,15,23,126,240,0.543,0.519,0.398,0.167,25.0,52.9,38.8,79.6,7.0,4.7,11.5,100.0,110.8,136.4
2024-12-26,Brooklyn Nets,240,39,82,0.476,16,38,0.421,17,22,0.773,9,29,38,25,8,1,21,11,111,240,0.605,0.573,0.463,0.268,22.5,78.4,49.4,64.1,7.9,2.2,18.6,100.0,109.6,103.7
2024-12-26,Houston Rockets,240,46,97,0.474,18,47,0.383,18,23,0.783,18,36,54,19,7,9,16,14,128,240,0.597,0.567,0.485,0.237,40.0,67.9,55.1,41.3,6.9,14.5,13.0,100.0,125.9,109.2
2024-12-26,Utah Jazz,240,41,86,0.477,21,42,0.5,17,25,0.68,11,35,46,26,9,5,13,16,120,240,0.619,0.599,0.488,0.291,24.4,79.5,51.7,63.4,9.2,9.8,11.8,100.0,122.2,124.2
2024-12-26,Detroit Pistons,240,38,91,0.418,17,44,0.386,21,25,0.84,10,34,44,25,6,4,10,22,114,240,0.559,0.511,0.484,0.275,21.7,81.0,50.0,65.8,6.1,9.3,8.9,100.0,116.1,115.1
2024-12-27,New York Knicks,240,40,75,0.533,4,15,0.267,24,34,0.706,12,32,44,18,10,3,18,20,108,240,0.6,0.56,0.2,0.453,35.3,74.4,57.1,45.0,10.7,5.6,16.7,100.0,115.4,90.8
2024-12-27,Indiana Pacers,240,38,91,0.418,11,39,0.282,18,25,0.72,13,26,39,27,5,3,12,20,105,240,0.515,0.478,0.429,0.275,27.7,59.1,42.9,71.1,5.2,8.3,10.5,100.0,109.8,148.5
2024-12-27,San Antonio Spurs,240,32,78,0.41,12,29,0.414,20,27,0.741,11,32,43,26,10,8,15,11,96,240,0.534,0.487,0.372,0.346,25.0,72.7,48.9,81.3,10.7,16.3,14.3,100.0,102.9,93.2
2024-12-27,Minnesota Timberwolves,240,42,83,0.506,21,43,0.488,8,16,0.5,9,30,39,25,9,6,16,22,113,240,0.627,0.633,0.518,0.193,22.0,65.2,44.8,59.5,9.3,9.7,15.1,100.0,117.2,116.1
2024-12-27,Memphis Grizzlies,240,42,89,0.472,17,41,0.415,31,35,0.886,9,33,42,30,12,7,17,19,132,240,0.632,0.567,0.461,0.393,21.4,73.3,48.3,71.4,11.0,12.1,14.0,100.0,120.7,113.4
2024-12-27,Cleveland Cavaliers,240,54,96,0.563,23,48,0.479,18,22,0.818,9,29,38,40,10,7,11,17,149,240,0.705,0.682,0.5,0.229,23.1,78.4,50.0,74.1,9.5,11.1,9.4,100.0,141.8,128.5
2024-12-27,Dallas Mavericks,240,35,80,0.438,12,34,0.353,16,17,0.941,7,34,41,24,6,5,15,15,98,240,0.56,0.513,0.425,0.213,18.9,73.9,49.4,68.6,6.5,10.4,14.6,100.0,106.1,96.4
2024-12-27,Golden State Warriors,240,35,95,0.368,7,38,0.184,15,20,0.75,19,28,47,24,14,2,14,16,92,240,0.443,0.405,0.4,0.211,36.5,82.4,54.7,68.6,14.7,4.7,11.9,100.0,96.4,106.8
2024-12-28,Miami Heat,240,40,90,0.444,13,41,0.317,17,18,0.944,8,34,42,23,9,4,9,19,110,240,0.562,0.517,0.456,0.2,17.4,79.1,47.2,57.5,9.2,8.2,8.4,100.0,112.7,122.9
2024-12-28,Oklahoma City Thunder,240,42,88,0.477,10,38,0.263,12,14,0.857,9,40,49,29,9,1,17,19,106,240,0.563,0.534,0.432,0.159,20.0,83.3,52.7,69.0,9.0,2.2,15.3,100.0,105.5,93.6
2024-12-28,New York Knicks,265,51,97,0.526,10,40,0.25,24,26,0.923,10,33,43,26,7,3,15,14,136,265,0.627,0.577,0.412,0.268,23.3,75.0,49.4,51.0,6.4,4.9,12.2,100.0,123.6,119.9
2024-12-28,Milwaukee Bucks,240,41,102,0.402,15,45,0.333,14,14,1.0,6,37,43,27,6,7,8,16,111,240,0.513,0.475,0.441,0.137,12.8,77.1,45.3,65.9,5.8,11.9,6.9,100.0,106.8,111.6
2024-12-28,Phoenix Suns,240,39,92,0.424,9,35,0.257,18,22,0.818,14,32,46,21,7,12,14,13,105,240,0.516,0.473,0.38,0.239,31.1,64.0,48.4,53.8,7.3,22.6,12.1,100.0,108.9,113.1
2024-12-28,Detroit Pistons,240,46,95,0.484,12,39,0.308,17,23,0.739,15,26,41,29,8,1,12,25,121,240,0.576,0.547,0.411,0.242,31.9,76.5,50.6,63.0,8.0,1.8,10.2,100.0,120.5,133.5
2024-12-28,Philadelphia 76ers,240,36,83,0.434,13,36,0.361,29,37,0.784,10,22,32,22,15,8,8,22,114,240,0.574,0.512,0.434,0.446,22.7,61.1,40.0,61.1,15.6,15.1,7.5,100.0,118.6,115.5
2024-12-28,Dallas Mavericks,240,43,89,0.483,15,38,0.395,21,26,0.808,10,30,40,20,6,10,13,21,122,240,0.607,0.567,0.427,0.292,21.7,68.2,44.4,46.5,5.9,15.2,11.5,100.0,119.8,123.7
2024-12-28,Sacramento Kings,240,50,98,0.51,11,40,0.275,11,15,0.733,13,26,39,38,7,2,10,26,122,240,0.583,0.566,0.408,0.153,31.0,86.7,54.2,76.0,7.2,3.9,8.7,100.0,125.2,135.5
2024-12-29,Brooklyn Nets,240,32,73,0.438,13,30,0.433,24,28,0.857,9,29,38,22,7,3,17,19,101,240,0.592,0.527,0.411,0.384,25.7,64.4,47.5,68.8,7.8,6.4,16.6,100.0,113.2,114.3
2024-12-29,Indiana Pacers,240,46,87,0.529,9,23,0.391,22,27,0.815,11,39,50,27,6,2,9,17,123,240,0.622,0.58,0.264,0.31,25.0,83.0,54.9,58.7,6.1,5.1,8.3,100.0,125.9,116.7
2024-12-29,Atlanta Hawks,240,46,95,0.484,18,45,0.4,26,35,0.743,14,26,40,30,22,8,15,19,136,240,0.616,0.579,0.474,0.368,27.5,63.4,43.5,65.2,20.2,13.1,12.0,100.0,124.8,98.2
2024-12-29,Miami Heat,240,37,84,0.44,10,33,0.303,20,28,0.714,15,37,52,21,6,3,15,14,104,240,0.54,0.5,0.393,0.333,31.3,66.1,50.0,56.8,6.4,5.3,13.5,100.0,110.5,106.2
2024-12-29,Memphis Grizzlies,240,37,97,0.381,14,51,0.275,18,21,0.857,16,35,51,30,6,4,21,15,106,240,0.499,0.454,0.526,0.216,30.8,79.5,53.1,81.1,5.6,6.8,16.5,100.0,99.4,121.9
2024-12-29,San Antonio Spurs,240,38,87,0.437,11,39,0.282,23,28,0.821,8,33,41,25,6,4,10,18,110,240,0.554,0.5,0.448,0.322,17.4,64.7,42.3,65.8,6.1,7.1,9.1,100.0,112.7,114.8
2024-12-30,Chicago Bulls,265,39,104,0.375,18,60,0.3,19,27,0.704,14,49,63,31,11,4,15,17,115,265,0.496,0.462,0.577,0.26,23.0,84.5,52.9,79.5,9.7,6.9,11.5,100.0,101.3,95.1
2024-12-30,New York Knicks,240,45,98,0.459,15,44,0.341,21,25,0.84,15,39,54,34,9,2,8,19,126,240,0.578,0.536,0.449,0.255,30.6,76.5,54.0,75.6,9.0,4.1,6.8,100.0,126.6,106.5
2024-12-30,Los Angeles Clippers,240,41,86,0.477,13,37,0.351,21,27,0.778,14,26,40,24,11,2,17,14,116,240,0.593,0.552,0.43,0.314,32.6,81.3,53.3,58.5,11.4,4.4,14.8,100.0,119.8,116.7
2024-12-30,Denver Nuggets,240,53,105,0.505,9,30,0.3,17,19,0.895,17,34,51,38,13,3,7,17,132,240,0.582,0.548,0.286,0.181,36.2,82.9,58.0,71.7,12.8,6.3,5.8,100.0,130.3,119.4
2024-12-30,Cleveland Cavaliers,240,44,96,0.458,18,47,0.383,7,10,0.7,11,43,54,25,10,6,16,25,113,240,0.563,0.552,0.49,0.104,21.2,75.4,49.5,56.8,9.5,9.8,13.7,100.0,107.0,89.9
2024-12-30,Philadelphia 76ers,240,43,75,0.573,11,24,0.458,28,31,0.903,8,24,32,20,12,3,19,27,125,240,0.705,0.647,0.32,0.413,27.6,66.7,49.2,46.5,12.1,7.3,17.7,100.0,126.5,104.2
2024-12-30,Dallas Mavericks,240,32,76,0.421,12,31,0.387,24,29,0.828,2,34,36,17,8,13,18,20,100,240,0.563,0.5,0.408,0.382,4.8,65.4,38.3,53.1,7.8,19.1,16.9,100.0,97.3,107.1
